"ability_id","ability_name","ability_abbreviation","description_short","description_full","ability_type","ability_subtype","archetype_tags","unlock_level","unlock_source","subclass_filter","requires_ability","unlocks_ability","replaces_ability","modified_by","wow_cost_rage","bg3_action_cost","bg3_resource_cost","bg3_cooldown","bg3_file_type","bg3_spell_type","bg3_spell_success","bg3_target_conditions","damage_formula_bg3","status_applied","implementation_status","implementation_priority","implementation_notes"
"WAR__Whirlwind_","Whirlwind","WW","primary multitarget attack.","primary multitarget attack.","Offensive","","","1","Baseline","Arms","","","","","","Action","","","Spell_Target","Target","","","","","Not Started","",""
"WAR__Charge_","Charge","","primary mobility and gap closer.","primary mobility and gap closer.","Utility","","","1","Baseline","All","","","","","","Action","","","Spell_Target","Target","","","","","Not Started","",""
"WAR__Shield_Slam_","Shield Slam","SS","Your main offensive skill. Deals damage, generates Rage, its great.","Your main offensive skill. Deals damage, generates Rage, its great.","Offensive","","","1","Baseline","Protection","","","","","","Action","","","Spell_Target","Target","","","","","Not Started","",""
"WAR__Taunt_","Taunt","","Taunts enemies. Very basic.","Taunts enemies. Very basic.","Offensive","","","1","Baseline","All","","","","","","Action","","","Spell_Target","Target","","","","","Not Started","",""
"WAR__Mastery_Critical_Block_","Mastery: Critical Block","","This is your Mastery. It reduces the damage taken from auto-attacks you block. It also increases ...","This is your Mastery. It reduces the damage taken from auto-attacks you block. It also increases your Attack Power. Its okay.","Passive","","","1","Baseline","All","","","","","","None","","","Passive","N/A","","","","","Not Started","",""
"WAR__Berserker_Rage_","Berserker Rage","BzR","preemptive or reactive CC removal.","preemptive or reactive CC removal.","Offensive","","","1","Baseline","All","","","","","","Action","","","Spell_Target","Target","","","","","Not Started","",""
"WAR__Battle_Stance_","Battle Stance","Battle/BStance","basic offensive stance.","basic offensive stance.","Offensive","","","1","Class Talent","All","","","","","","Action","","","Spell_Target","Target","","","","","Not Started","",""
"WAR__Defensive_Stance_","Defensive Stance","Def/DStance","basic defensive stance.","basic defensive stance.","Defensive","","","1","Baseline","All","","","","","","Action","","","Spell_Target","Target","","","","","Not Started","",""
"WAR__Seasoned_Soldier_","Seasoned Soldier","","increases Arms rage generation from critical strikes.","increases Arms rage generation from critical strikes.","Passive","","","1","Spec Talent","Arms","","","","","","None","","","Passive","N/A","","","","","Not Started","",""
"WAR__Mastery_Deep_Wounds_","Mastery: Deep Wounds","","enables scaling damage from Mastery.","enables scaling damage from Mastery.","Passive","","","1","Baseline","All","","","","","","None","","","Passive","N/A","","","","","Not Started","",""
"WAR__Mortal_Strike_","Mortal Strike","MS","primary attack forming the basis of the rotation.","primary attack forming the basis of the rotation.","Offensive","","","1","Baseline","All","","","","","","Action","","","Spell_Target","Target","","","","","Not Started","",""
"WAR__Titan_s_Grip_","Titan's Grip","TG","passive bonus which allows dual wielding two-handed weapons.","passive bonus which allows dual wielding two-handed weapons.","Passive","","","1","Spec Talent","Fury","","","","","","None","","","Passive","N/A","","","","","Not Started","",""
"WAR__Mastery_Unshackled_Fury_","Mastery: Unshackled Fury","","passive bonus which scales damage with Mastery.","passive bonus which scales damage with Mastery.","Passive","","","1","Baseline","All","","","","","","None","","","Passive","N/A","","","","","Not Started","",""
"WAR__Bloodthirst_","Bloodthirst","BT","Primary attack which forms the basis of the rotation.","Primary attack which forms the basis of the rotation.","Offensive","","","1","Baseline","All","","","","","","Action","","","Spell_Target","Target","","","","","Not Started","",""
"WAR__Ignore_Pain_","Ignore Pain","IP","Core defensive skill, must-have talent.","Core defensive skill, must-have talent.","Defensive","","","1","Spec Talent","Protection","","","","","","Action","","","Spell_Target","Target","","","","","Not Started","",""
"WAR__Fast_Footwork_","Fast Footwork","","minor passive speed boost.","minor passive speed boost.","Passive","","","2","Baseline","All","","","","","","None","","","Passive","N/A","","","","","Not Started","",""
"WAR__War_Machine_","War Machine","","passive boost to rage generation with bonus on kill effects.","passive boost to rage generation with bonus on kill effects.","Passive","","","2","Baseline","All","","","","","","None","","","Passive","N/A","","","","","Not Started","",""
"WAR__Leeching_Strikes_","Leeching Strikes","","minor passive healing boost.","minor passive healing boost.","Passive","","","2","Baseline","All","","","","","","None","","","Passive","N/A","","","","","Not Started","",""
"WAR__Intervene_","Intervene","","charge an ally!","charge an ally!","Utility","","","2","Baseline","All","","","","","","Action","","","Spell_Target","Target","","","","","Not Started","",""
"WAR__Overpower_","Overpower","OP","secondary attack which buffs Mortal Strike.","secondary attack which buffs Mortal Strike.","Offensive","","","2","Baseline","All","","","","","","Action","","","Spell_Target","Target","","","","","Not Started","",""
"WAR__Raging_Blow_","Raging Blow","RB","Primary attack which forms the basis of the rotation.","Primary attack which forms the basis of the rotation.","Offensive","","","2","Baseline","All","","","","","","Action","","","Spell_Target","Target","","","","","Not Started","",""
"WAR__Revenge_","Revenge","","Core offensive AoE Rage spender. Must-have talent.","Core offensive AoE Rage spender. Must-have talent.","Offensive","","","2","Baseline","All","","","","","","Action","","","Spell_Target","Target","","","","","Not Started","",""
"WAR__Demoralizing_Shout_","Demoralizing Shout","Demo or DS","Minor defensive cooldown with good talent synergy deeper in the tree. Must-have talent.","Minor defensive cooldown with good talent synergy deeper in the tree. Must-have talent.","Defensive","","","2","Baseline","All","","","","","","Action","","","Spell_Target","Target","","","","","Not Started","",""
"WAR__Execute_","Execute","Exe","Arms' version of Execute","Arms' version of Execute","Offensive","","","3","Baseline","Arms","","","","","","Action","","","Spell_Target","Target","","","","","Not Started","",""
"WAR__Pummel_","Pummel","","low cooldown interrupt.","low cooldown interrupt.","Offensive","","","3","Baseline","All","","","","","","Action","","","Spell_Target","Target","","","","","Not Started","",""
"WAR__Devastate_","Devastate","","A very basic damaging skill that has a lot of talent interactions.","A very basic damaging skill that has a lot of talent interactions.","Offensive","","","3","Baseline","Protection","","","","","","Action","","","Spell_Target","Target","","","","","Not Started","",""
"WAR__Shield_Block_","Shield Block","SB","Primary defensive skill. Very powerful damage mitigation while active.","Primary defensive skill. Very powerful damage mitigation while active.","Defensive","","","3","Baseline","All","","","","","","Action","","","Spell_Target","Target","","","","","Not Started","",""
"WAR__Riposte_","Riposte","","A very simple Crit to Parry conversion.","A very simple Crit to Parry conversion.","Offensive","","","3","Baseline","All","","","","","","Action","","","Spell_Target","Target","","","","","Not Started","",""
"WAR__Slam_","Slam","","initial rage spender, quickly replaced by other abilities.","initial rage spender, quickly replaced by other abilities.","Offensive","","","3","Baseline","Fury","","","","","","Action","","","Spell_Target","Target","","","","","Not Started","",""
"WAR__Impending_Victory_","Impending Victory","IV","on-demand version of Victory Rush.","on-demand version of Victory Rush.","Offensive","","","3","Baseline","All","","","","","","Action","","","Spell_Target","Target","","","","","Not Started","",""
"WAR__Heroic_Leap_","Heroic Leap","Leap","burst mobility skill, which does not immune ground effects like Blink, but can be useful for avoi...","burst mobility skill, which does not immune ground effects like Blink, but can be useful for avoiding knockbacks.","Utility","","","3","Baseline","All","","","","","","Action","","","Spell_Target","Target","","","","","Not Started","",""
"WAR__Storm_Bolt_","Storm Bolt","","useful ranged stun on a relatively low cooldown.","useful ranged stun on a relatively low cooldown.","Offensive","","","3","Baseline","All","","","","","","Action","","","Spell_Target","Target","","","","","Not Started","",""
"WAR__Martial_Prowess_","Martial Prowess","","enables Overpower's buff.","enables Overpower's buff.","Offensive","","","3","Baseline","All","","","","","","Action","","","Spell_Target","Target","","","","","Not Started","",""
"WAR__Die_by_the_Sword_","Die by the Sword","DbtS","Arms primary defensive cooldown.","Arms primary defensive cooldown.","Defensive","","","3","Baseline","All","","","","","","Action","","","Spell_Target","Target","","","","","Not Started","",""
"WAR__Improved_Execute_","Improved Execute","","enables Arms Execute.","enables Arms Execute.","Offensive","","","3","Baseline","All","","","","","","Action","","","Spell_Target","Target","","","","","Not Started","",""
"WAR__Frenzied_Enrage_","Frenzied Enrage","","greatly increases the speed of Fury gameplay.","greatly increases the speed of Fury gameplay.","Passive","","","3","Baseline","All","","","","","","None","","","Passive","N/A","","","","","Not Started","",""
"WAR__Powerful_Enrage_","Powerful Enrage","","large damage increase without increasing the speed of Fury gameplay.","large damage increase without increasing the speed of Fury gameplay.","Passive","","","3","Baseline","All","","","","","","None","","","Passive","N/A","","","","","Not Started","",""
"WAR__Enraged_Regeneration_","Enraged Regeneration","ER","Fury's primary defensive cooldown.","Fury's primary defensive cooldown.","Defensive","","","3","Baseline","All","","","","","","Action","","","Spell_Target","Target","","","","","Not Started","",""
"WAR__Brace_For_Impact_","Brace For Impact","BFI","Stacking buff that grants 10% Shield Slam damage and 5% Block Value per stack. Extremely easy to ...","Stacking buff that grants 10% Shield Slam damage and 5% Block Value per stack. Extremely easy to maintain 2-3 stacks, which provides incredible value for a single point. Absolutely mandatory talent.","Passive","","","3","Baseline","All","","","","","","None","","","Passive","N/A","","","","","Not Started","",""
"WAR__Armor_Specialization_","Armor Specialization","","Basic Armor increase, has synergy with other talents to increase Strength.","Basic Armor increase, has synergy with other talents to increase Strength.","Passive","","","3","Baseline","All","","","","","","None","","","Passive","N/A","","","","","Not Started","",""
"WAR__Fight_Through_the_Flames_","Fight Through the Flames","FTTF","Newly added in The War Within, reduces magic dmg taken while in Defensive Stance, not overly usef...","Newly added in The War Within, reduces magic dmg taken while in Defensive Stance, not overly useful for most situations. Niche application in Mythic Plus, more useful in Raid.","Defensive","","","3","Baseline","All","","","","","","Action","","","Spell_Target","Target","","","","","Not Started","",""
"WAR__Devastator_","Devastator","","Excellent rotation-smoothing talent, must-have talent. DO NOT TRY TO SKIP THIS.","Excellent rotation-smoothing talent, must-have talent. DO NOT TRY TO SKIP THIS.","Offensive","","","3","Baseline","All","","","","","","Action","","","Spell_Target","Target","","","","","Not Started","",""
"WAR__Intimidating_Shout_","Intimidating Shout","","easily broken AoE fear which can be used as a pseudo interrupt.","easily broken AoE fear which can be used as a pseudo interrupt.","Offensive","","","4","Baseline","All","","","","","","Action","","","Spell_Target","Target","","","","","Not Started","",""
"WAR__Second_Wind_","Second Wind","","very rarely ignores environmental damage, but is usually broken by most effects.","very rarely ignores environmental damage, but is usually broken by most effects.","Offensive","","","4","Baseline","All","","","","","","Action","","","Spell_Target","Target","","","","","Not Started","",""
"WAR__Frothing_Berserker_","Frothing Berserker","","inconsistent passive rage refund.","inconsistent passive rage refund.","Passive","","","4","Baseline","All","","","","","","None","","","Passive","N/A","","","","","Not Started","",""
"WAR__Bounding_Stride_","Bounding Stride","","allows more leaping.","allows more leaping.","Utility","","","4","Baseline","All","","","","","","Action","","","Spell_Target","Target","","","","","Not Started","",""
"WAR__Pain_and_Gain_","Pain and Gain","","passive self-healing.","passive self-healing.","Passive","","","4","Baseline","All","","","","","","None","","","Passive","N/A","","","","","Not Started","",""
"WAR__Thunder_Clap_","Thunder Clap","TC","a core part of Mountain Thane, but otherwise unused.","a core part of Mountain Thane, but otherwise unused.","Offensive","","","4","Baseline","All","","","","","","Action","","","Spell_Target","Target","","","","","Not Started","",""
"WAR__Improved_Overpower_","Improved Overpower","","insignificant damage increase.","insignificant damage increase.","Passive","","","4","Baseline","All","","","","","","None","","","Passive","N/A","","","","","Not Started","",""
"WAR__Bloodsurge_","Bloodsurge","","provides minor rage generation against a single target, but ramps greatly against multiple.","provides minor rage generation against a single target, but ramps greatly against multiple.","Offensive","","","4","Baseline","All","","","","","","Action","","","Spell_Target","Target","","","","","Not Started","",""
"WAR__Fueled_by_Violence_","Fueled by Violence","","minor amount of passive healing which ramps against multiple targets.","minor amount of passive healing which ramps against multiple targets.","Passive","","","4","Baseline","All","","","","","","None","","","Passive","N/A","","","","","Not Started","",""
"WAR__Storm_Wall_","Storm Wall","","heals on any parry, not just when Die by the Sword is active.","heals on any parry, not just when Die by the Sword is active.","Defensive","","","4","Baseline","All","","","","","","Action","","","Spell_Target","Target","","","","","Not Started","",""
"WAR__Sudden_Death_","Sudden Death","SD","enables proc-based gameplay, now stacking up to two times.","enables proc-based gameplay, now stacking up to two times.","Offensive","","","4","Baseline","All","","","","","","Action","","","Spell_Target","Target","","","","","Not Started","",""
"WAR__Fervor_of_Battle_","Fervor of Battle","FoB","single target damage enhancement, which also allows the abilities to stack Collateral Damage. The...","single target damage enhancement, which also allows the abilities to stack Collateral Damage. The auto-cast Slam does not cost rage.","Offensive","","","4","Baseline","All","","","","","","Action","","","Spell_Target","Target","","","","","Not Started","",""
"WAR__Improved_Bloodthirst_","Improved Bloodthirst","","very small but worthwhile damage increase.","very small but worthwhile damage increase.","Passive","","","4","Baseline","All","","","","","","None","","","Passive","N/A","","","","","Not Started","",""
"WAR__Fresh_Meat_","Fresh Meat","","useful leveling talent, but not very useful anywhere else.","useful leveling talent, but not very useful anywhere else.","Offensive","","","4","Baseline","All","","","","","","Action","","","Spell_Target","Target","","","","","Not Started","",""
"WAR__Warpaint_","Warpaint","","strong passive damage reduction.","strong passive damage reduction.","Passive","","","4","Baseline","All","","","","","","None","","","Passive","N/A","","","","","Not Started","",""
"WAR__Invigorating_Fury_","Invigorating Fury","","situationally useful in PvP, but otherwise much worse than Warpaint.","situationally useful in PvP, but otherwise much worse than Warpaint.","Offensive","","","4","Baseline","All","","","","","","Action","","","Spell_Target","Target","","","","","Not Started","",""
"WAR__Cruelty_","Cruelty","","notable damage increase, though only while Enraged.","notable damage increase, though only while Enraged.","Passive","","","4","Baseline","All","","","","","","None","","","Passive","N/A","","","","","Not Started","",""
"WAR__Disrupting_Shout_","Disrupting Shout","","Reduces the cooldown of Challenging Shout to 90s and converts it into an AoE taunt/interrupt. Coo...","Reduces the cooldown of Challenging Shout to 90s and converts it into an AoE taunt/interrupt. Cool concept, decent in Mythic+, and useful on some raid bosses!","Offensive","","","4","Baseline","All","","","","","","Action","","","Spell_Target","Target","","","","","Not Started","",""
"WAR__Best_Served_Cold_","Best Served Cold","BSC","Increases","Increases","Passive","","","4","Baseline","All","","","","","","None","","","Passive","N/A","","","","","Not Started","",""
"WAR__Strategist_","Strategist","","Critical rotational functionality. Absolutely mandatory talent. Not just for pathing reasons.","Critical rotational functionality. Absolutely mandatory talent. Not just for pathing reasons.","Offensive","","","4","Baseline","All","","","","","","Action","","","Spell_Target","Target","","","","","Not Started","",""
"WAR_Grant_Extra_Attack","Grant Extra Attack","","","","Offensive","","","5","Baseline","All","","","","","","Action","","","Spell_Target","Target","","","","","Not Started","",""
"WAR__Hamstring_","Hamstring","","minor snare.","minor snare.","Offensive","","","5","Baseline","Arms","","","","","","Action","","","Spell_Target","Target","","","","","Not Started","",""
"WAR__Battle_Shout_","Battle Shout","Shout","worth ~5% damage for melee classes and Hunters.","worth ~5% damage for melee classes and Hunters.","Offensive","","","5","Baseline","All","","","","","","Action","","","Spell_Target","Target","","","","","Not Started","",""
"WAR__Heroic_Throw_","Heroic Throw","HT","Weak single-target damage skill. Useful for tagging enemies from range, thats it.","Weak single-target damage skill. Useful for tagging enemies from range, thats it.","Offensive","","","5","Baseline","Protection","","","","","","Action","","","Spell_Target","Target","","","","","Not Started","",""
"WAR__Victory_Rush_","Victory Rush","VR","very useful free heal after getting a kill.","very useful free heal after getting a kill.","Defensive","","","5","Baseline","Fury","","","","","","Action","","","Spell_Target","Target","","","","","Not Started","",""
"WAR__Cacophonous_Roar_","Cacophonous Roar","","still broken far too easily in group content, only moderately viable in PvP.","still broken far too easily in group content, only moderately viable in PvP.","Offensive","","","5","Baseline","All","","","","","","Action","","","Spell_Target","Target","","","","","Not Started","",""
"WAR__Menace_","Menace","","still easily broken in PvE, though moderately more useful due to the knockback.","still easily broken in PvE, though moderately more useful due to the knockback.","Offensive","","","5","Baseline","All","","","","","","Action","","","Spell_Target","Target","","","","","Not Started","",""
"WAR__Spell_Reflection_","Spell Reflection","SR","very useful, low cooldown damage reduction.","very useful, low cooldown damage reduction.","Offensive","","","5","Baseline","All","","","","","","Action","","","Spell_Target","Target","","","","","Not Started","",""
"WAR__Rallying_Cry_","Rallying Cry","Rally","one of the few raid-wide defensive abilities.","one of the few raid-wide defensive abilities.","Defensive","","","5","Baseline","All","","","","","","Action","","","Spell_Target","Target","","","","","Not Started","",""
"WAR__Shockwave_","Shockwave","","on demand AoE stun.","on demand AoE stun.","Offensive","","","5","Baseline","All","","","","","","Action","","","Spell_Target","Target","","","","","Not Started","",""
"WAR__Barbaric_Training_","Barbaric Training","","only useful for Mountain Thane in multitarget.","only useful for Mountain Thane in multitarget.","Offensive","","","5","Baseline","All","","","","","","Action","","","Spell_Target","Target","","","","","Not Started","",""
"WAR__Tactician_","Tactician","","calculates the total rage spent on an ability and converts it into a chance to reset the cooldown...","calculates the total rage spent on an ability and converts it into a chance to reset the cooldown on Overpower.","Offensive","","","5","Baseline","All","","","","","","Action","","","Spell_Target","Target","","","","","Not Started","",""
"WAR__Colossus_Smash_","Colossus Smash","CS","Arms' primary offensive cooldown, which also inflicts Deep Wounds.","Arms' primary offensive cooldown, which also inflicts Deep Wounds.","Offensive","","","5","Baseline","All","","","","","","Action","","","Spell_Target","Target","","","","","Not Started","",""
"WAR__Impale_","Impale","","increases the extra critical hit damage inflicted by crits, meaning it's closer to a 5% damage bo...","increases the extra critical hit damage inflicted by crits, meaning it's closer to a 5% damage bonus than 10%.","Passive","","","5","Baseline","All","","","","","","None","","","Passive","N/A","","","","","Not Started","",""
"WAR__Focus_in_Chaos_","Focus in Chaos","","removes the 19% dual wield miss penalty from auto-attacks, although they can still be parried.","removes the 19% dual wield miss penalty from auto-attacks, although they can still be parried.","Offensive","","","5","Baseline","All","","","","","","Action","","","Spell_Target","Target","","","","","Not Started","",""
"WAR__Rampage_","Rampage","Ramp","the core of Fury's rotation, converting rage into damage and Enrage.","the core of Fury's rotation, converting rage into damage and Enrage.","Offensive","","","5","Baseline","All","","","","","","Action","","","Spell_Target","Target","","","","","Not Started","",""
"WAR__Improved_Raging_Blow_","Improved Raging Blow","","critical talent which enables Raging Blow resets.","critical talent which enables Raging Blow resets.","Offensive","","","5","Baseline","All","","","","","","Action","","","Spell_Target","Target","","","","","Not Started","",""
"WAR__Last_Stand_","Last Stand","LS","Basic defensive cooldown, grants bonus health for 15 seconds. Good reactive cooldown. Mandatory t...","Basic defensive cooldown, grants bonus health for 15 seconds. Good reactive cooldown. Mandatory talent.","Passive","","","5","Baseline","All","","","","","","None","","","Passive","N/A","","","","","Not Started","",""
"WAR__Instigate_","Instigate","","Basically auto-attack rage generation by 2 and performs very well.","Basically auto-attack rage generation by 2 and performs very well.","Offensive","","","5","Baseline","All","","","","","","Action","","","Spell_Target","Target","","","","","Not Started","",""
"WAR__Rend_","Rend","","Excellent DPS increase applied passively by","Excellent DPS increase applied passively by","Passive","","","5","Baseline","All","","","","","","None","","","Passive","N/A","","","","","Not Started","",""
"WAR__Brutal_Vitality_","Brutal Vitality","BrV","This grants ~8% Leech whenever Ignore Pain is active. It's a decent boost to self-sustain, especi...","This grants ~8% Leech whenever Ignore Pain is active. It's a decent boost to self-sustain, especially since the dmg from","Passive","","","5","Baseline","All","","","","","","None","","","Passive","N/A","","","","","Not Started","",""
"WAR__Honed_Reflexes_","Honed Reflexes","","Reduces most defensive cooldowns by a very minor amount.","Reduces most defensive cooldowns by a very minor amount.","Defensive","","","6","Baseline","All","","","","","","Action","","","Spell_Target","Target","","","","","Not Started","",""
"WAR__Crushing_Force_","Crushing Force","","major damage increase for Slam.","major damage increase for Slam.","Passive","","","6","Baseline","All","","","","","","None","","","Passive","N/A","","","","","Not Started","",""
"WAR__Bitter_Immunity_","Bitter Immunity","","highly situational due to its long cooldown.","highly situational due to its long cooldown.","Offensive","","","6","Baseline","All","","","","","","Action","","","Spell_Target","Target","","","","","Not Started","",""
"WAR__Overwhelming_Rage_","Overwhelming Rage","","eases the burdens of rage management.","eases the burdens of rage management.","Offensive","","","6","Baseline","All","","","","","","Action","","","Spell_Target","Target","","","","","Not Started","",""
"WAR__Rumbling_Earth_","Rumbling Earth","","greatly increases the usefulness of Shockwave when using it regularly against groups.","greatly increases the usefulness of Shockwave when using it regularly against groups.","Passive","","","6","Baseline","All","","","","","","None","","","Passive","N/A","","","","","Not Started","",""
"WAR__Reinforced_Plates_","Reinforced Plates","","synergizes with Armored to the Teeth to provide additional damage.","synergizes with Armored to the Teeth to provide additional damage.","Offensive","","","6","Baseline","All","","","","","","Action","","","Spell_Target","Target","","","","","Not Started","",""
"WAR__Skullsplitter_","Skullsplitter","SkS","condenses bleed damage into short cooldown windows and generates a moderate amount of rage.","condenses bleed damage into short cooldown windows and generates a moderate amount of rage.","Offensive","","","6","Baseline","All","","","","","","Action","","","Spell_Target","Target","","","","","Not Started","",""
"WAR__Finishing_Blows_","Finishing Blows","","increases rage generation during the Execute phase to fuel its higher costs.","increases rage generation during the Execute phase to fuel its higher costs.","Passive","","","6","Baseline","All","","","","","","None","","","Passive","N/A","","","","","Not Started","",""
"WAR__Anger_Management_","Anger Management","AM","an indispensable talent, creating more frequent increased damage windows.","an indispensable talent, creating more frequent increased damage windows.","Passive","","","6","Baseline","All","","","","","","None","","","Passive","N/A","","","","","Not Started","",""
"WAR__Spiteful_Serenity_","Spiteful Serenity","","a very underwhelming talent with its own negative bonus in addition to strong competition in Ange...","a very underwhelming talent with its own negative bonus in addition to strong competition in Anger Management.","Offensive","","","6","Baseline","All","","","","","","Action","","","Spell_Target","Target","","","","","Not Started","",""
"WAR__Exhilarating_Blows_","Exhilarating Blows","","allows more casts of Mortal Strike and Cleave.","allows more casts of Mortal Strike and Cleave.","Offensive","","","6","Baseline","All","","","","","","Action","","","Spell_Target","Target","","","","","Not Started","",""
"WAR__Collateral_Damage_","Collateral Damage","","gains a stack for each single target attack cleaved by Sweeping Strikes, which includes the free ...","gains a stack for each single target attack cleaved by Sweeping Strikes, which includes the free Slam cast by Fervor of Battle, creating great synergy between them.","Offensive","","","6","Baseline","All","","","","","","Action","","","Spell_Target","Target","","","","","Not Started","",""
"WAR__Cleave_","Cleave","","Arms' primary multitarget attack, which also inflicts Deep Wounds.","Arms' primary multitarget attack, which also inflicts Deep Wounds.","Offensive","","","6","Baseline","All","","","","","","Action","","","Spell_Target","Target","","","","","Not Started","",""
"WAR__Single","Single","","Minded Fury- increase the effectiveness of dual wielding one-handed weapons, but not by enough t...","Minded Fury- increase the effectiveness of dual wielding one-handed weapons, but not by enough to make them competitive with two-handed weapons.","Passive","","","6","Baseline","All","","","","","","None","","","Passive","N/A","","","","","Not Started","",""
"WAR__Cold_Steel_Hot_Blood_","Cold Steel, Hot Blood","CSHB","inflicts a powerful bleed, which can be applied to multiple targets via Whirlwind.","inflicts a powerful bleed, which can be applied to multiple targets via Whirlwind.","Offensive","","","6","Baseline","All","","","","","","Action","","","Spell_Target","Target","","","","","Not Started","",""
"WAR__Vicious_Contempt_","Vicious Contempt","VC","promotes Bloodthirst playstyles by greatly increasing its damage during the execute phase.","promotes Bloodthirst playstyles by greatly increasing its damage during the execute phase.","Offensive","","","6","Baseline","All","","","","","","Action","","","Spell_Target","Target","","","","","Not Started","",""
"WAR__Frenzy_","Frenzy","","semi-passive haste buff, with the downside of easily falling off when regularly switching targets.","semi-passive haste buff, with the downside of easily falling off when regularly switching targets.","Passive","","","6","Baseline","All","","","","","","None","","","Passive","N/A","","","","","Not Started","",""
"WAR__Hack_and_Slash_","Hack and Slash","HnS/H&S","very important reset mechanic for Raging Blow builds.","very important reset mechanic for Raging Blow builds.","Offensive","","","6","Baseline","All","","","","","","Action","","","Spell_Target","Target","","","","","Not Started","",""
"WAR__Slaughtering_Strikes_","Slaughtering Strikes","","provides a significant damage boost for Rampage and greatly emphasizes Raging Blow's role in the ...","provides a significant damage boost for Rampage and greatly emphasizes Raging Blow's role in the rotation.","Offensive","","","6","Baseline","All","","","","","","Action","","","Spell_Target","Target","","","","","Not Started","",""
"WAR__Ashen_Juggernaut_","Ashen Juggernaut","","provides a significant damage boost when using Execute regularly.","provides a significant damage boost when using Execute regularly.","Offensive","","","6","Baseline","All","","","","","","Action","","","Spell_Target","Target","","","","","Not Started","",""
"WAR__Improved_Whirlwind_","Improved Whirlwind","","enables Fury's ability to cleave single target attacks onto other targets, forming the basis of i...","enables Fury's ability to cleave single target attacks onto other targets, forming the basis of its multitarget rotation.","Offensive","","","6","Baseline","All","","","","","","Action","","","Spell_Target","Target","","","","","Not Started","",""
"WAR__Unnerving_Focus_","Unnerving Focus","","Increases Rage Generation while Last Stand is active. Has rarely seen play.","Increases Rage Generation while Last Stand is active. Has rarely seen play.","Passive","","","6","Baseline","All","","","","","","None","","","Passive","N/A","","","","","Not Started","",""
"WAR_Bolster","Bolster","","Reduces the cooldown of  Last Stand to 2 minutes and grants  Shield Block. Can find a niche appli...","Reduces the cooldown of  Last Stand to 2 minutes and grants  Shield Block. Can find a niche application if the lower cooldown is beneficial.","Passive","","","6","Baseline","All","","","","","","None","","","Passive","N/A","","","","","Not Started","",""
"WAR__Thunderlord_","Thunderlord","TL","Good cooldown reduction for demoralizing Shout that synergizes with other talents in the tree. Go...","Good cooldown reduction for demoralizing Shout that synergizes with other talents in the tree. Good talent in AoE, very mediocre in single target.","Offensive","","","6","Baseline","All","","","","","","Action","","","Spell_Target","Target","","","","","Not Started","",""
"WAR_Sudden_Death","Sudden Death","SD","Excellent single-target damage proc, adds up to quite a bit of damage throughout a raid fight.","Excellent single-target damage proc, adds up to quite a bit of damage throughout a raid fight.","Offensive","","","6","Baseline","All","","","","","","Action","","","Spell_Target","Target","","","","","Not Started","",""
"WAR_Heavy_Repercussions","Heavy Repercussions","HR","Increases Rage Generation of  Shield Slam by 2, which is also multiplied by  Violent Outburst. Bu...","Increases Rage Generation of  Shield Slam by 2, which is also multiplied by  Violent Outburst. But more importantly, it increases  Shield Block duration by 1 second every time you press  Shield Slam, resulting in pretty much infinite  Shield Block uptime. Mandatory pick for low haste levels early in an expansion.","Passive","","","6","Baseline","All","","","","","","None","","","Passive","N/A","","","","","Not Started","",""
"WAR_Punish","Punish","","Increases  Shield Slam damage and causes the hit enemy to deal less damage to you.","Increases  Shield Slam damage and causes the hit enemy to deal less damage to you.","Passive","","","6","Baseline","All","","","","","","None","","","Passive","N/A","","","","","Not Started","",""
"WAR_Hunker_Down","Hunker Down","","Increases  Spell Reflection magic damage reduction and grants you 2% passive AoE damage reduction.","Increases  Spell Reflection magic damage reduction and grants you 2% passive AoE damage reduction.","Passive","","","6","Baseline","All","","","","","","None","","","Passive","N/A","","","","","Not Started","",""
"WAR__Vanguard_","Vanguard","","Simple defensive aura, reduces your damage taken, increases your Stamina and Armor.","Simple defensive aura, reduces your damage taken, increases your Stamina and Armor.","Passive","","","7","Baseline","All","","","","","","None","","","Passive","N/A","","","","","Not Started","",""
"WAR__Wrecking_Throw_","Wrecking Throw","","highly effective against absorption shields, though rarely a major gain.","highly effective against absorption shields, though rarely a major gain.","Defensive","","","7","Baseline","All","","","","","","Action","","","Spell_Target","Target","","","","","Not Started","",""
"WAR__Shattering_Throw_","Shattering Throw","","immunity breaking version of Wrecking Throw, rarely used in PvE.","immunity breaking version of Wrecking Throw, rarely used in PvE.","Offensive","","","7","Baseline","All","","","","","","Action","","","Spell_Target","Target","","","","","Not Started","",""
"WAR__Sidearm_","Sidearm","","minor passive damage increase.","minor passive damage increase.","Passive","","","7","Baseline","All","","","","","","None","","","Passive","N/A","","","","","Not Started","",""
"WAR__Double_Time_","Double Time","","a must-have mobility increase.","a must-have mobility increase.","Passive","","","7","Baseline","All","","","","","","None","","","Passive","N/A","","","","","Not Started","",""
"WAR__Seismic_Reverberation_","Seismic Reverberation","","very minor with Whirlwind, but highly effective for Mountain Thane.","very minor with Whirlwind, but highly effective for Mountain Thane.","Offensive","","","7","Baseline","All","","","","","","Action","","","Spell_Target","Target","","","","","Not Started","",""
"WAR__Concussive_Blows_","Concussive Blows","","rather underwhelming due to only affecting the target which is interrupted, rather than increasin...","rather underwhelming due to only affecting the target which is interrupted, rather than increasing all damage dealt, though the reduced cooldown can be nice.","Offensive","","","7","Baseline","All","","","","","","Action","","","Spell_Target","Target","","","","","Not Started","",""
"WAR__Berserker_Shout_","Berserker Shout","","seldom used group-wide fear breaker.","seldom used group-wide fear breaker.","Offensive","","","7","Baseline","All","","","","","","Action","","","Spell_Target","Target","","","","","Not Started","",""
"WAR__Piercing_Howl_","Piercing Howl","","major AoE snare, offset by its cooldown.","major AoE snare, offset by its cooldown.","Offensive","","","7","Baseline","All","","","","","","Action","","","Spell_Target","Target","","","","","Not Started","",""
"WAR__Bloodborne_","Bloodborne","","general bleed damage increase, which synergizes well with other bleed talents found throughout th...","general bleed damage increase, which synergizes well with other bleed talents found throughout the tree.","Passive","","","7","Baseline","All","","","","","","None","","","Passive","N/A","","","","","Not Started","",""
"WAR__Dreadnaught_","Dreadnaught","DN","a multitarget option for Overpower.","a multitarget option for Overpower.","Offensive","","","7","Baseline","All","","","","","","Action","","","Spell_Target","Target","","","","","Not Started","",""
"WAR__Strength_of_Arms_","Strength of Arms","SoA","a single/two target power increase for Overpower.","a single/two target power increase for Overpower.","Passive","","","7","Baseline","All","","","","","","None","","","Passive","N/A","","","","","Not Started","",""
"WAR__In_For_The_Kill_","In For The Kill","IftK","has the same duration of Colossus Smash, with good benefit against both single and multiple targets.","has the same duration of Colossus Smash, with good benefit against both single and multiple targets.","Offensive","","","7","Baseline","All","","","","","","Action","","","Spell_Target","Target","","","","","Not Started","",""
"WAR__Test_of_Might_","Test of Might","ToM","stacks up a powerful strength buff, effectively extending the increased damage window created by ...","stacks up a powerful strength buff, effectively extending the increased damage window created by Colossus Smash.","Passive","","","7","Baseline","All","","","","","","None","","","Passive","N/A","","","","","Not Started","",""
"WAR__Blunt_Instruments_","Blunt Instruments","","a single target alternative to Warbreaker, which also extends the duration of In for the Kill and...","a single target alternative to Warbreaker, which also extends the duration of In for the Kill and Test of Might.","Offensive","","","7","Baseline","All","","","","","","Action","","","Spell_Target","Target","","","","","Not Started","",""
"WAR__Warbreaker_","Warbreaker","WB","turns Colossus Smash into a multitarget attack, extremely important for effective AoE damage.","turns Colossus Smash into a multitarget attack, extremely important for effective AoE damage.","Offensive","","","7","Baseline","All","","","","","","Action","","","Spell_Target","Target","","","","","Not Started","",""
"WAR__Massacre_","Massacre","","allows more frequent use of Execute.","allows more frequent use of Execute.","Offensive","","","7","Baseline","All","","","","","","Action","","","Spell_Target","Target","","","","","Not Started","",""
"WAR__Storm_of_Swords_","Storm of Swords","","largely unnecessary, resulting in overcapping.","largely unnecessary, resulting in overcapping.","Offensive","","","7","Baseline","All","","","","","","Action","","","Spell_Target","Target","","","","","Not Started","",""
"WAR__Bloodcraze_","Bloodcraze","","creates strong synergy between Raging Blow and Bloodthirst, though it resets after any critical s...","creates strong synergy between Raging Blow and Bloodthirst, though it resets after any critical strike from Bloodthirst.","Offensive","","","7","Baseline","All","","","","","","Action","","","Spell_Target","Target","","","","","Not Started","",""
"WAR__Recklessness_","Recklessness","Reck","Fury's primary offensive cooldown, greatly increasing rage generation and the frequency of Rampag...","Fury's primary offensive cooldown, greatly increasing rage generation and the frequency of Rampage casts.","Offensive","","","7","Baseline","All","","","","","","Action","","","Spell_Target","Target","","","","","Not Started","",""
"WAR__Wrath_and_Fury_","Wrath and Fury","","a moderate damage and reset chance increase for Raging Blow.","a moderate damage and reset chance increase for Raging Blow.","Passive","","","7","Baseline","All","","","","","","None","","","Passive","N/A","","","","","Not Started","",""
"WAR__Meat_Cleaver_","Meat Cleaver","","reduces the amount of Whirlwind casts needed to maintain multitarget cleave.","reduces the amount of Whirlwind casts needed to maintain multitarget cleave.","Offensive","","","7","Baseline","All","","","","","","Action","","","Spell_Target","Target","","","","","Not Started","",""
"WAR__Tough_as_Nails_","Tough as Nails","TaN","Passive damage output whenever you block an attack, recently buffed, however, still not a popular...","Passive damage output whenever you block an attack, recently buffed, however, still not a popular or strong choice.","Passive","","","7","Baseline","All","","","","","","None","","","Passive","N/A","","","","","Not Started","",""
"WAR__Shield_Wall_","Shield Wall","SW","Iconic, mandatory defensive cooldown. The ultimate tank defensive cooldown. Take it.","Iconic, mandatory defensive cooldown. The ultimate tank defensive cooldown. Take it.","Defensive","","","7","Baseline","All","","","","","","Action","","","Spell_Target","Target","","","","","Not Started","",""
"WAR__Enduring_Defenses_","Enduring Defenses","ED","Incredible defensive bonus, simply grants 33% more Shield Block uptime. Massive increase to Prote...","Incredible defensive bonus, simply grants 33% more Shield Block uptime. Massive increase to Protection Warriors ability to survive damage in any situation.","Passive","","","7","Baseline","All","","","","","","None","","","Passive","N/A","","","","","Not Started","",""
"WAR_Unyielding_Stance","Unyielding Stance","","Simple increase of  Defensive Stance damage reduction. Required for pathing.","Simple increase of  Defensive Stance damage reduction. Required for pathing.","Passive","","","7","Baseline","All","","","","","","None","","","Passive","N/A","","","","","Not Started","",""
"WAR_Red_Right_Hand","Red Right Hand","","Simple increase of  Execute damage. Great in combination with other Execute talents.","Simple increase of  Execute damage. Great in combination with other Execute talents.","Passive","","","7","Baseline","All","","","","","","None","","","Passive","N/A","","","","","Not Started","",""
"WAR__Cruel_Strikes_","Cruel Strikes","","a minor increase to Execute, smaller than it may seem.","a minor increase to Execute, smaller than it may seem.","Passive","","","8","Baseline","All","","","","","","None","","","Passive","N/A","","","","","Not Started","",""
"WAR__Wild_Strikes_","Wild Strikes","","deceptively powerful due to the already high frequency of auto-attacks.","deceptively powerful due to the already high frequency of auto-attacks.","Offensive","","","8","Baseline","All","","","","","","Action","","","Spell_Target","Target","","","","","Not Started","",""
"WAR__Dual_Wield_Specialization_","Dual Wield Specialization","","a must-have passive damage increase.","a must-have passive damage increase.","Passive","","","8","Baseline","All","","","","","","None","","","Passive","N/A","","","","","Not Started","",""
"WAR__Armored_to_the_Teeth_","Armored to the Teeth","","near indispensable damage increase that helps gear scaling over the course of an expansion.","near indispensable damage increase that helps gear scaling over the course of an expansion.","Passive","","","8","Baseline","All","","","","","","None","","","Passive","N/A","","","","","Not Started","",""
"WAR__Deft_Experience_","Deft Experience","","a minor Mastery increase, with the much more important effect of doubling the chance to trigger T...","a minor Mastery increase, with the much more important effect of doubling the chance to trigger Tactician.","Passive","","","8","Baseline","All","","","","","","None","","","Passive","N/A","","","","","Not Started","",""
"WAR__Valor_in_Victory_","Valor in Victory","","a minor Versatility increase, which also reduces the cooldown of Die by the Sword.","a minor Versatility increase, which also reduces the cooldown of Die by the Sword.","Passive","","","8","Baseline","All","","","","","","None","","","Passive","N/A","","","","","Not Started","",""
"WAR__Critical_Thinking_","Critical Thinking","","a minor Critical Strike increase, with a very impactful rage refund for Execute, which is also ad...","a minor Critical Strike increase, with a very impactful rage refund for Execute, which is also additive with Improved Execute for a combined 30% refund.","Passive","","","8","Baseline","All","","","","","","None","","","Passive","N/A","","","","","Not Started","",""
"WAR__Raging_Armaments_","Raging Armaments","","minor mastery buff, with a very important Enrage extension, which helps keep Bloodthirst active i...","minor mastery buff, with a very important Enrage extension, which helps keep Bloodthirst active in the rotation.","Passive","","","8","Baseline","All","","","","","","None","","","Passive","N/A","","","","","Not Started","",""
"WAR__Swift_Strikes_","Swift Strikes","","a minor haste buff, with a small rage generation increase which adds up significantly over the co...","a minor haste buff, with a small rage generation increase which adds up significantly over the course of a dungeon or encounter.","Passive","","","8","Baseline","All","","","","","","None","","","Passive","N/A","","","","","Not Started","",""
"WAR_Defender_s_Aegis","Defender's Aegis","DA","Grants a 2nd charge of  Shield Wall and significantly reduces the base cooldown.","Grants a 2nd charge of  Shield Wall and significantly reduces the base cooldown.","Passive","","","8","Baseline","All","","","","","","None","","","Passive","N/A","","","","","Not Started","",""
"WAR_Impenetrable_Wall","Impenetrable Wall","Imp Wall","Reduces the cooldown of  Shield Wall whenever you cast  Shield Slam.","Reduces the cooldown of  Shield Wall whenever you cast  Shield Slam.","Defensive","","","8","Baseline","All","","","","","","Action","","","Spell_Target","Target","","","","","Not Started","",""
"WAR__Focused_Vigor_","Focused Vigor","FV","Amazing Talent, offers huge amounts of damage output and Armor for just 1 Talent point, not manda...","Amazing Talent, offers huge amounts of damage output and Armor for just 1 Talent point, not mandatory for pathing but heavily encouraged to pick up!","Offensive","","","8","Baseline","All","","","","","","Action","","","Spell_Target","Target","","","","","Not Started","",""
"WAR__Shield_Specialization_","Shield Specialization","","Outstanding defensive bonus. Greatly reduces damage taken from blockable hits and is crucial for ...","Outstanding defensive bonus. Greatly reduces damage taken from blockable hits and is crucial for pathing to the Talents that enable the ""Rage Feedback Machine"" further.","Defensive","","","8","Baseline","All","","","","","","Action","","","Spell_Target","Target","","","","","Not Started","",""
"WAR__Enduring_Alacrity_","Enduring Alacrity","EA","A significant increase in Health and 2% Haste gain makes this talent one of the most attractive t...","A significant increase in Health and 2% Haste gain makes this talent one of the most attractive talents on our talent tree.","Passive","","","8","Baseline","All","","","","","","None","","","Passive","N/A","","","","","Not Started","",""
"WAR__Thunderous_Roar_","Thunderous Roar","Roar","stronger than it may seem, due to its bleed damage being uncapped, allowing it to fully damage an...","stronger than it may seem, due to its bleed damage being uncapped, allowing it to fully damage any number of extra targets.","Offensive","","","9","Baseline","All","","","","","","Action","","","Spell_Target","Target","","","","","Not Started","",""
"WAR__Avatar_","Avatar","Ava","one of the main personal cooldowns that should always be taken.","one of the main personal cooldowns that should always be taken.","Offensive","","","9","Baseline","All","","","","","","Action","","","Spell_Target","Target","","","","","Not Started","",""
"WAR__Champion_s_Spear_","Champion's Spear","Spear","aligns well with other 90s cooldowns, though not generally as useful as Thunderous Roar.","aligns well with other 90s cooldowns, though not generally as useful as Thunderous Roar.","Offensive","","","9","Baseline","All","","","","","","Action","","","Spell_Target","Target","","","","","Not Started","",""
"WAR__Battlelord_","Battlelord","","creates an entertaining gameplay loop of Mortal Strike refreshing Overpower via Tactician and Ove...","creates an entertaining gameplay loop of Mortal Strike refreshing Overpower via Tactician and Overpower refreshing Mortal Strike via Battlelord.","Offensive","","","9","Baseline","All","","","","","","Action","","","Spell_Target","Target","","","","","Not Started","",""
"WAR__Bloodletting_","Bloodletting","","a very important bleed damage increase, which reduces the amount of maintenance required to maint...","a very important bleed damage increase, which reduces the amount of maintenance required to maintain the debuffs and synergizes very well with Skullsplitter and Thunderous Roar/Words.","Passive","","","9","Baseline","All","","","","","","None","","","Passive","N/A","","","","","Not Started","",""
"WAR__Bladestorm_","Bladestorm","BS","Arms major multitarget cooldown, with several very powerful follow-on talents.","Arms major multitarget cooldown, with several very powerful follow-on talents.","Offensive","","","9","Baseline","All","","","","","","Action","","","Spell_Target","Target","","","","","Not Started","",""
"WAR__Ravager_","Ravager","Rav","a passive alternative to Bladestorm, more suited for use against individual targets.","a passive alternative to Bladestorm, more suited for use against individual targets.","Passive","","","9","Baseline","All","","","","","","None","","","Passive","N/A","","","","","Not Started","",""
"WAR__Sharpened_Blades_","Sharpened Blades","","a moderate damage increase for Arms' most important rotational abilities.","a moderate damage increase for Arms' most important rotational abilities.","Passive","","","9","Baseline","All","","","","","","None","","","Passive","N/A","","","","","Not Started","",""
"WAR__Juggernaut_","Juggernaut","","provides a large ramping damage increase, though not well suited for short encounters and suscept...","provides a large ramping damage increase, though not well suited for short encounters and susceptible to dropping during downtime.","Passive","","","9","Baseline","All","","","","","","None","","","Passive","N/A","","","","","Not Started","",""
"WAR__Onslaught_","Onslaught","Ons","a moderately strong standalone attack, which helps fill extra GCDs in the rotation.","a moderately strong standalone attack, which helps fill extra GCDs in the rotation.","Offensive","","","9","Baseline","All","","","","","","Action","","","Spell_Target","Target","","","","","Not Started","",""
"WAR__Reckless_Abandon_","Reckless Abandon","RA","causes Bloodthirst and Raging Blow to be replaced by stronger versions - Bloodbath and Crushing B...","causes Bloodthirst and Raging Blow to be replaced by stronger versions - Bloodbath and Crushing Blow, creating a powerful gameplay loop.","Offensive","","","9","Baseline","All","","","","","","Action","","","Spell_Target","Target","","","","","Not Started","",""
"WAR__Odyn_s_Fury_","Odyn's Fury","OF","a very powerful burst damage attack with a short lingering bleed.","a very powerful burst damage attack with a short lingering bleed.","Offensive","","","9","Baseline","All","","","","","","Action","","","Spell_Target","Target","","","","","Not Started","",""
"WAR__Booming_Voice_","Booming Voice","BV","Turns Demoralizing Shout into a good offensive cooldown and Rage generation tool. Grants 30 rage ...","Turns Demoralizing Shout into a good offensive cooldown and Rage generation tool. Grants 30 rage and synergizes very nicely with","Passive","","","9","Baseline","All","","","","","","None","","","Passive","N/A","","","","","Not Started","",""
"WAR__Indomitable_","Indomitable","Indom","Extremely valuable defensive talent. Substantially increases tankiness and grants a steady trickl...","Extremely valuable defensive talent. Substantially increases tankiness and grants a steady trickle of self-healing. Mandatory if you want to call yourself a tank.","Passive","","","9","Baseline","All","","","","","","None","","","Passive","N/A","","","","","Not Started","",""
"WAR__Violent_Outburst_","Violent Outburst","Outburst or VO","Excellent Rage generation increase, one of the vital pillarstones to the ""Rage Feedback Machine"" ...","Excellent Rage generation increase, one of the vital pillarstones to the ""Rage Feedback Machine"" to deal huge amounts of damage and be an absolute brick house of a tank.","Passive","","","9","Baseline","All","","","","","","None","","","Passive","N/A","","","","","Not Started","",""
"WAR_Heavy_Handed","Heavy Handed","","Allows  Execute to strike 2 additional targets for a reduced amount. Great for raiding and overal...","Allows  Execute to strike 2 additional targets for a reduced amount. Great for raiding and overall damage output!","Offensive","","","9","Baseline","All","","","","","","Action","","","Spell_Target","Target","","","","","Not Started","",""
"WAR__Uproar_","Uproar","","keeps Thunderous Roar aligned with Avatar and other cooldowns, provides a noticeable overall dama...","keeps Thunderous Roar aligned with Avatar and other cooldowns, provides a noticeable overall damage increase, especially in multitarget.","Passive","","","10","Baseline","All","","","","","","None","","","Passive","N/A","","","","","Not Started","",""
"WAR__Thunderous_Words_","Thunderous Words","","increases the damage of all bleeds only while Thunderous Roar is active, creating powerful burst ...","increases the damage of all bleeds only while Thunderous Roar is active, creating powerful burst windows that synergize well with Odyn's Fury.","Passive","","","10","Baseline","All","","","","","","None","","","Passive","N/A","","","","","Not Started","",""
"WAR__Berserker_s_Torment_","Berserker's Torment","","highly effective and extends the duration of their normal counterparts.","highly effective and extends the duration of their normal counterparts.","Offensive","","","10","Baseline","All","","","","","","Action","","","Spell_Target","Target","","","","","Not Started","",""
"WAR__Titan_s_Torment_","Titan's Torment","","very strong AoE damage increase, which synergizes with other additional effects from Odyn's Fury.","very strong AoE damage increase, which synergizes with other additional effects from Odyn's Fury.","Passive","","","10","Baseline","All","","","","","","None","","","Passive","N/A","","","","","Not Started","",""
"WAR__Piercing_Challenge_","Piercing Challenge","","a minor overall damage increase, though the extra rage generation is largely irrelevant.","a minor overall damage increase, though the extra rage generation is largely irrelevant.","Passive","","","10","Baseline","All","","","","","","None","","","Passive","N/A","","","","","Not Started","",""
"WAR__Champion_s_Might_","Champion's Might","","a short but powerful damage window, which now activates on the target instead of requiring the pl...","a short but powerful damage window, which now activates on the target instead of requiring the player to stand within a specific location.","Offensive","","","10","Baseline","All","","","","","","Action","","","Spell_Target","Target","","","","","Not Started","",""
"WAR__Fatality_","Fatality","","provides increased damage during Execute, while keeping the abilities used before Execute relevan...","provides increased damage during Execute, while keeping the abilities used before Execute relevant. It cannot critically strike and does not benefit from class buffs such as Colossus Smash or Avatar, but it can be buffed by primary stat increases like Test of Might or potions.","Passive","","","10","Baseline","All","","","","","","None","","","Passive","N/A","","","","","Not Started","",""
"WAR__Dance_of_Death_","Dance of Death","","provides a significant damage increase for Bladestorm and can be chained from pack to pack, but t...","provides a significant damage increase for Bladestorm and can be chained from pack to pack, but the timing does not work cleanly with all of Bladestorm's other follow-on talents.","Passive","","","10","Baseline","All","","","","","","None","","","Passive","N/A","","","","","Not Started","",""
"WAR__Unhinged_","Unhinged","","a significant single/two target damage increase while using Bladestorm or Ravager, highly effecti...","a significant single/two target damage increase while using Bladestorm or Ravager, highly effective in combination with other effects that synergize with Mortal Strike.","Passive","","","10","Baseline","All","","","","","","None","","","Passive","N/A","","","","","Not Started","",""
"WAR__Merciless_Bonegrinder_","Merciless Bonegrinder","","a major damage increase for Cleave or Whirlwind, creating strong AoE damage windows.","a major damage increase for Cleave or Whirlwind, creating strong AoE damage windows.","Passive","","","10","Baseline","All","","","","","","None","","","Passive","N/A","","","","","Not Started","",""
"WAR__Executioner_s_Precision_","Executioner's Precision","EP","provides great value to Mortal Strike, keeping the ability relevant during Execute.","provides great value to Mortal Strike, keeping the ability relevant during Execute.","Offensive","","","10","Baseline","All","","","","","","Action","","","Spell_Target","Target","","","","","Not Started","",""
"WAR__Tenderize_","Tenderize","","greatly increases the value of Onslaught, both in jumpstarting the rotation and increasing the da...","greatly increases the value of Onslaught, both in jumpstarting the rotation and increasing the damage of Rampage.","Passive","","","10","Baseline","All","","","","","","None","","","Passive","N/A","","","","","Not Started","",""
"WAR__Storm_of_Steel_","Storm of Steel","","gives Ravager a second charge, which is fairly important in most content.","gives Ravager a second charge, which is fairly important in most content.","Utility","","","10","Baseline","All","","","","","","Action","","","Spell_Target","Target","","","","","Not Started","",""
"WAR__Unbridled_Ferocity_","Unbridled Ferocity","","randomly triggers Recklessness, though its low proc chance leaves it generally uncompetitive.","randomly triggers Recklessness, though its low proc chance leaves it generally uncompetitive.","Offensive","","","10","Baseline","All","","","","","","Action","","","Spell_Target","Target","","","","","Not Started","",""
"WAR__Depths_of_Insanity_","Depths of Insanity","","generally uncompetitive, due to its small impact on overall uptime.","generally uncompetitive, due to its small impact on overall uptime.","Offensive","","","10","Baseline","All","","","","","","Action","","","Spell_Target","Target","","","","","Not Started","",""
"WAR__Dancing_Blades_","Dancing Blades","","triggers a large auto-attack buff, which provides a bonus to Odyn's Fury's single target value.","triggers a large auto-attack buff, which provides a bonus to Odyn's Fury's single target value.","Offensive","","","10","Baseline","All","","","","","","Action","","","Spell_Target","Target","","","","","Not Started","",""
"WAR__Titanic_Rage_","Titanic Rage","","a minor damage buff, but jumpstarts the AoE rotation by auto-applying important buffs, with even ...","a minor damage buff, but jumpstarts the AoE rotation by auto-applying important buffs, with even greater synergy in combination with Titan's","Offensive","","","10","Baseline","All","","","","","","Action","","","Spell_Target","Target","","","","","Not Started","",""
"WAR__Shield_Charge_","Shield Charge","SC","Decent offensive cooldown and Rage generation tool. It is not great on its own, but it is good wi...","Decent offensive cooldown and Rage generation tool. It is not great on its own, but it is good with the talent synergy below. Grants 20 rage. It deals slightly more single-target damage than Ravager, but less AoE damage.","Passive","","","10","Baseline","All","","","","","","None","","","Passive","N/A","","","","","Not Started","",""
"WAR__Battle_Scarred_Veteran_","Battle-Scarred Veteran","BSV","Reactive defensive cooldown that provides a ton of damage reduction and increased healing taken. ...","Reactive defensive cooldown that provides a ton of damage reduction and increased healing taken. The 3-minute cooldown is long. After FINALLY being fixed in 10.2.7, this Talent is properly useful for new players and may have niche applications in high keys as a planned defensive. Great tool to recover from a mistake or generally when in trouble.","Passive","","","10","Baseline","All","","","","","","None","","","Passive","N/A","","","","","Not Started","",""
"WAR_Whirling_Blade","Whirling Blade","","This talent randomly sends out more frequent and shorter versions of  Ravager.","This talent randomly sends out more frequent and shorter versions of  Ravager.","Offensive","","","10","Baseline","All","","","","","","Action","","","Spell_Target","Target","","","","","Not Started","",""
"WAR_Lightning_Strikes","Lightning Strikes","","","","Passive","","","13","Hero Talent","Protection,Fury","","","","","","None","","","Passive","N/A","","","","","Not Started","",""
"WAR_Demolish","Demolish","","","","Passive","","","13","Hero Talent","Arms,Protection","","","","","","None","","","Passive","N/A","","","","","Not Started","",""
"WAR_Slayer_s_Dominance","Slayers Dominance","","","","Passive","","","13","Hero Talent","Arms,Fury","","","","","","None","","","Passive","N/A","","","","","Not Started","",""
"WAR_Crashing_Thunder","Crashing Thunder","","","","Passive","","","15","Hero Talent","Protection,Fury","","","","","","None","","","Passive","N/A","","","","","Not Started","",""
"WAR_Ground_Current","Ground Current","","","","Offensive","","","15","Baseline","All","","","","","","Action","","","Spell_Target","Target","","","","","Not Started","",""
"WAR_Strength_of_the_Mountain","Strength of the Mountain","","","","Offensive","","","15","Baseline","All","","","","","","Action","","","Spell_Target","Target","","","","","Not Started","",""
"WAR_Martial_Expert","Martial Expert","","","","Passive","","","15","Hero Talent","Arms,Protection","","","","","","None","","","Passive","N/A","","","","","Not Started","",""
"WAR_Colossal_Might","Colossal Might","","","","Offensive","","","15","Baseline","All","","","","","","Action","","","Spell_Target","Target","","","","","Not Started","",""
"WAR_Earthquake","Earthquake","","","","Offensive","","","15","Baseline","All","","","","","","Action","","","Spell_Target","Target","","","","","Not Started","",""
"WAR_Imminent_Demise","Imminent Demise","","","","Passive","","","15","Hero Talent","Arms,Fury","","","","","","None","","","Passive","N/A","","","","","Not Started","",""
"WAR_Thunder_Blast","Thunder Blast","","","","Passive","","","17","Hero Talent","Protection,Fury","","","","","","None","","","Passive","N/A","","","","","Not Started","",""
"WAR_Storm_Bolts","Storm Bolts","","","","Offensive","","","17","Baseline","All","","","","","","Action","","","Spell_Target","Target","","","","","Not Started","",""
"WAR_Keep_your_feet_on_the_Ground","Keep your feet on the Ground","","","","Offensive","","","17","Baseline","All","","","","","","Action","","","Spell_Target","Target","","","","","Not Started","",""
"WAR_Arterial_Bleed","Arterial Bleed","","","","Passive","","","17","Hero Talent","Arms,Protection","","","","","","None","","","Passive","N/A","","","","","Not Started","",""
"WAR_Tide_of_Battle","Tide of Battle","","","","Offensive","","","17","Baseline","All","","","","","","Action","","","Spell_Target","Target","","","","","Not Started","",""
"WAR_No_Stranger_to_Pain","No Stranger to Pain","","","","Offensive","","","17","Baseline","All","","","","","","Action","","","Spell_Target","Target","","","","","Not Started","",""
"WAR_Death_Drive","Death Drive","","","","Passive","","","17","Hero Talent","Arms,Fury","","","","","","None","","","Passive","N/A","","","","","Not Started","",""
"WAR_Flashing_Skies","Flashing Skies","","","","Passive","","","19","Hero Talent","Protection,Fury","","","","","","None","","","Passive","N/A","","","","","Not Started","",""
"WAR_Thorim_s_Might","Thorims Might","","","","Offensive","","","19","Baseline","All","","","","","","Action","","","Spell_Target","Target","","","","","Not Started","",""
"WAR_Burst_of_Power","Burst of Power","","","","Offensive","","","19","Baseline","All","","","","","","Action","","","Spell_Target","Target","","","","","Not Started","",""
"WAR_Practiced_Strikes","Practiced Strikes","","","","Passive","","","19","Hero Talent","Arms,Protection","","","","","","None","","","Passive","N/A","","","","","Not Started","",""
"WAR_Precise_Might","Precise Might","","","","Offensive","","","19","Baseline","All","","","","","","Action","","","Spell_Target","Target","","","","","Not Started","",""
"WAR_Mountain_of_Muscle_and_Scars","Mountain of Muscle and Scars","","","","Offensive","","","19","Baseline","All","","","","","","Action","","","Spell_Target","Target","","","","","Not Started","",""
"WAR_Show_No_Mercy","Show No Mercy","","","","Passive","","","19","Hero Talent","Arms,Fury","","","","","","None","","","Passive","N/A","","","","","Not Started","",""
"WAR_Avatar_of_the_Storm","Avatar of the Storm","","","","Passive","","","20","Hero Talent","Protection,Fury","","","","","","None","","","Passive","N/A","","","","","Not Started","",""
"WAR_Dominance_of_the_Colossus","Dominance of the Colossus","","","","Passive","","","20","Hero Talent","Arms,Protection","","","","","","None","","","Passive","N/A","","","","","Not Started","",""
"WAR_Unrelenting_Onslaught","Unrelenting Onslaught","","","","Passive","","","20","Hero Talent","Arms,Fury","","","","","","None","","","Passive","N/A","","","","","Not Started","",""
