"ability_id","ability_name","ability_abbreviation","description_short","description_full","ability_type","ability_subtype","archetype_tags","warrior_unlock","arms_unlock","fury_unlock","protection_unlock","unlock_source","subclass_filter","requires_ability","unlocks_ability","replaces_ability","modified_by","wow_cost_rage","bg3_action_cost","bg3_resource_cost","bg3_cooldown","bg3_file_type","bg3_spell_type","bg3_spell_success","bg3_target_conditions","damage_formula_bg3","status_applied","implementation_status","implementation_priority","implementation_notes"
"WAR__Whirlwind_","Whirlwind","WW","primary multitarget attack.","primary multitarget attack.","Offensive","","AoE,Cleave,Rage-Generation","","1","1","12","Baseline","Protection","","","","","","Action","","","Spell_Zone","Zone","DealDamage(1d8+StrengthModifier,Slashing);RestoreResource(context.Source,Rage,10,0)","","1d8+StrengthModifier,Slashing","","Not Started","","Wowhead: https://www.wowhead.com/spell=1680"
"WAR__Charge_","Charge","","primary mobility and gap closer.","primary mobility and gap closer.","Utility","","Mobility,Rage-Generation","","","","","Baseline","All","","","","","","Action","","Short Rest (2 charges)","Spell_Jump","Target","TeleportSource();RestoreResource(context.Source,Rage,20,0)","","None","","Not Started","","Wowhead: https://www.wowhead.com/spell=100"
"WAR__Shield_Slam_","Shield Slam","SS","Your main offensive skill. Deals damage, generates Rage, its great.","Your main offensive skill. Deals damage, generates Rage, its great.","Offensive","","Protection,Tank,Rage-Generation","","","","1","Baseline","Fury","","","","","","Action","","","Spell_Target","Target","DealDamage(2d6+StrengthModifier+ShieldAC,Bludgeoning);RestoreResource(context.Source,Rage,15,0)","","2d6+StrengthModifier+ShieldAC,Bludgeoning","","Not Started","","Wowhead: https://www.wowhead.com/spell=23922"
"WAR__Taunt_","Taunt","","Taunts enemies. Very basic.","Taunts enemies. Very basic.","Offensive","","Protection,Tank,Taunt","","","","","Baseline","All","","","","","","Action","","OncePerTurn","Spell_Target","Target","ApplyStatus(context.Target,WAR_TAUNTED,100,1)","","None","","Not Started","","Wowhead: https://www.wowhead.com/spell=355"
"WAR__Mastery_Critical_Block_","Mastery: Critical Block","","This is your Mastery. It reduces the damage taken from auto-attacks you block. It also increases ...","This is your Mastery. It reduces the damage taken from auto-attacks you block. It also increases your Attack Power. Its okay.","Passive","","Protection,Passive,Block","","","","","Baseline","All","","","","","","None","","","Passive","N/A","Passive mitigation boost","","None","","Not Started","","Wowhead: https://www.wowhead.com/spell=76857"
"WAR__Berserker_Rage_","Berserker Rage","BzR","preemptive or reactive CC removal.","preemptive or reactive CC removal.","Offensive","","Fury,Utility,Enrage,CC-Break","","7","1","","Baseline","All","","","","","","Action","","OncePerShortRest","Spell_Shout","Shout","RemoveStatus('SG_Incapacitated');RemoveStatus('SG_Controlled');ApplyStatus(SELF,WAR_ENRAGED,100,4)","","None","","Not Started","","Wowhead: https://www.wowhead.com/spell=18499"
"WAR__Battle_Stance_","Battle Stance","Battle/BStance","basic offensive stance.","basic offensive stance.","Offensive","","Stance,Offensive","3","1","1","1","Class Talent","All","","","","","","Action","","","Spell_Shout","Shout","ApplyStatus(SELF,WAR_BATTLE_STANCE,100,-1)","","None","","Not Started","","Wowhead: https://www.wowhead.com/spell=2457"
"WAR__Defensive_Stance_","Defensive Stance","Def/DStance","basic defensive stance.","basic defensive stance.","Defensive","","Stance,Defensive","","1","1","1","Baseline","All","","","","","","Action","","","Spell_Shout","Shout","ApplyStatus(SELF,WAR_DEFENSIVE_STANCE,100,-1)","","None","","Not Started","","Wowhead: https://www.wowhead.com/spell=71"
"WAR__Seasoned_Soldier_","Seasoned Soldier","","increases Arms rage generation from critical strikes.","increases Arms rage generation from critical strikes.","Passive","","Passive,Stat-Boost,Critical","","","","","Spec Talent","Arms","","","","","","None","","","Passive","N/A","","","","","Not Started","","Simple stat boost passive"
"WAR__Mastery_Deep_Wounds_","Mastery: Deep Wounds","","enables scaling damage from Mastery.","enables scaling damage from Mastery.","Passive","","Arms,Passive,Bleed","","","","","Baseline","All","","","","","","None","","","Passive","N/A","Passive boost","","None","","Not Started","","Wowhead: https://www.wowhead.com/spell=262111"
"WAR__Mortal_Strike_","Mortal Strike","MS","primary attack forming the basis of the rotation.","primary attack forming the basis of the rotation.","Offensive","","Arms,Single-Target,Bleed","","1","","","Baseline","All","","","","","30","Action","","","Spell_Target","Target","DealDamage(2d6+StrengthModifier,Slashing);ApplyStatus(WAR_DEEP_WOUNDS,100,3)","","2d6+StrengthModifier,Slashing","","Not Started","","Wowhead: https://www.wowhead.com/spell=12294"
"WAR__Titan_s_Grip_","Titan's Grip","TG","passive bonus which allows dual wielding two-handed weapons.","passive bonus which allows dual wielding two-handed weapons.","Passive","","Fury,Passive,Dual-Wield","","","1","","Spec Talent","Fury","","","","","","None","","","Passive","N/A","Equipment proficiency unlock","","None","","Not Started","","Wowhead: https://www.wowhead.com/spell=46917"
"WAR__Mastery_Unshackled_Fury_","Mastery: Unshackled Fury","","passive bonus which scales damage with Mastery.","passive bonus which scales damage with Mastery.","Passive","","Passive,Mastery,Stat-Scaling","","","","","Baseline","All","","","","","","None","","","Passive","N/A","","","","","Not Started","","Mastery stat - BG3 equivalent could be bonus damage scaling. Needs custom implementation."
"WAR__Bloodthirst_","Bloodthirst","BT","Primary attack which forms the basis of the rotation.","Primary attack which forms the basis of the rotation.","Offensive","","Fury,Healing,Enrage","","","1","","Baseline","All","","","","","20","Action","","","Spell_Target","Target","DealDamage(2d8+StrengthModifier,Physical);IF(CriticalHit()):ApplyStatus(WAR_ENRAGED,100,4);RegainHitPoints(3% MaxHP)","","2d8+StrengthModifier,Physical","","Not Started","","Wowhead: https://www.wowhead.com/spell=23881"
"WAR__Ignore_Pain_","Ignore Pain","IP","Core defensive skill, must-have talent.","Core defensive skill, must-have talent.","Defensive","","Protection,Defensive,Absorb","","4","","1","Baseline","All","","","","","40","Action","","","Spell_Shout","Shout","ApplyStatus(SELF,WAR_IGNORE_PAIN,100,6)","","None","","Not Started","","Wowhead: https://www.wowhead.com/spell=190456"
"WAR__Fast_Footwork_","Fast Footwork","","Increases movement speed","minor passive speed boost.","Passive","","Passive,Mobility","","","","","Baseline","All","","","","","","None","","","Passive","N/A","","","","","Not Started","","Movement speed boost"
"WAR__War_Machine_","War Machine","","passive boost to rage generation with bonus on kill effects.","passive boost to rage generation with bonus on kill effects.","Passive","","Passive,Proc,Movement","","","","","Baseline","All","","","","","","None","","","Passive","N/A","","","","","Not Started","","Apply status on kill that grants movement speed boost"
"WAR__Leeching_Strikes_","Leeching Strikes","","1% of damage dealt heals you","minor passive healing boost.","Passive","","Passive,Healing,Lifesteal","","","","","Baseline","All","","","","","","None","","","Passive","N/A","","","","","Not Started","","Lifesteal passive - may need custom functor"
"WAR__Intervene_","Intervene","","charge an ally!","charge an ally!","Utility","","Utility,Defensive,Mobility","","","","","Baseline","All","","","","","","Action","","Short Rest (shares MobilityCharge)","Spell_Jump","Target","TeleportSource();ApplyStatus(context.Target,WAR_INTERVENED,100,3)","","None","","Not Started","","Wowhead: https://www.wowhead.com/spell=3411"
"WAR__Overpower_","Overpower","OP","secondary attack which buffs Mortal Strike.","secondary attack which buffs Mortal Strike.","Offensive","","Arms,Free-Attack","","2","","","Baseline","All","","","","","","Action","","","Spell_Target","Target","DealDamage(2d6+StrengthModifier,Physical)","","2d6+StrengthModifier,Physical","","Not Started","","Wowhead: https://www.wowhead.com/spell=7384"
"WAR__Raging_Blow_","Raging Blow","RB","Primary attack which forms the basis of the rotation.","Primary attack which forms the basis of the rotation.","Offensive","","Fury,Free-Attack,Enrage","","","2","","Baseline","All","","","","","","Action","","","Spell_Target","Target","DealDamage(2d8+StrengthModifier,Physical)","HasStatus('WAR_ENRAGED',context.Source)","2d8+StrengthModifier,Physical","","Not Started","","Wowhead: https://www.wowhead.com/spell=85288"
"WAR__Revenge_","Revenge","","Core offensive AoE Rage spender. Must-have talent.","Core offensive AoE Rage spender. Must-have talent.","Offensive","","Protection,AoE,Reactive","","","","","Baseline","All","","","","","30","Action","","","Spell_Zone","Zone","DealDamage(2d8+StrengthModifier,Physical)","","2d8+StrengthModifier,Physical","","Not Started","","Wowhead: https://www.wowhead.com/spell=6572"
"WAR__Demoralizing_Shout_","Demoralizing Shout","Demo or DS","Minor defensive cooldown with good talent synergy deeper in the tree. Must-have talent.","Minor defensive cooldown with good talent synergy deeper in the tree. Must-have talent.","Defensive","","Defensive,AoE,Debuff","","","","2","Baseline","All","","","","","","Action","","OncePerShortRest","Spell_Shout","Shout","ApplyStatus(NEARBY_ENEMIES,WAR_DEMORALIZED,100,8)","","None","","Not Started","","AoE debuff shout"
"WAR__Execute_","Execute","Exe","Arms' version of Execute","Arms' version of Execute","Offensive","","Execute,Burst,Finisher","","3","7","","Baseline","Protection","","","","","20","Action","","","Spell_Target","Target","DealDamage(4d12+StrengthModifier,Slashing)","HealthPercentage(context.Target) <= 20","4d12+StrengthModifier,Slashing","","Not Started","","Wowhead: https://www.wowhead.com/spell=5308"
"WAR__Pummel_","Pummel","","low cooldown interrupt.","low cooldown interrupt.","Offensive","","Utility,Interrupt","","","","7","Baseline","All","","","","","","Action","","OncePerTurn","Spell_Target","Target","Interrupt()","","None","","Not Started","","Wowhead: https://www.wowhead.com/spell=6552"
"WAR__Devastate_","Devastate","","A very basic damaging skill that has a lot of talent interactions.","A very basic damaging skill that has a lot of talent interactions.","Offensive","","Protection,Rage-Generation","","","","","Baseline","Protection","","","","","","Action","","","Spell_Target","Target","DealDamage(1d6+StrengthModifier+ShieldAC,Physical);RestoreResource(context.Source,Rage,10,0)","","1d6+StrengthModifier+ShieldAC,Physical","","Not Started","","Wowhead: https://www.wowhead.com/spell=20243"
"WAR__Shield_Block_","Shield Block","SB","Primary defensive skill. Very powerful damage mitigation while active.","Primary defensive skill. Very powerful damage mitigation while active.","Defensive","","Protection,Defensive,Mitigation","","","","3","Baseline","All","","","","","","Action","","Short Rest (1-2 charges)","Spell_Shout","Shout","ApplyStatus(SELF,WAR_SHIELD_BLOCK,100,2)","","None","","Not Started","","Wowhead: https://www.wowhead.com/spell=2565"
"WAR__Riposte_","Riposte","","A very simple Crit to Parry conversion.","A very simple Crit to Parry conversion.","Offensive","","Protection,Passive,Mitigation","","","","","Baseline","All","","","","","","Action","","","Passive","N/A","Passive conversion","","None","","Not Started","",""
"WAR__Slam_","Slam","","initial rage spender, quickly replaced by other abilities.","initial rage spender, quickly replaced by other abilities.","Offensive","","Offensive","","","","","Baseline","Protection","","","","","20","Action","","","Spell_Target","Target","DealDamage(1d8+StrengthModifier,Bludgeoning)","","1d8+StrengthModifier,Bludgeoning","","Not Started","","Wowhead: https://www.wowhead.com/spell=1464"
"WAR__Impending_Victory_","Impending Victory","IV","Deals damage and heals you for 20% of your max HP","on-demand version of Victory Rush.","Offensive","","Offensive,Healing,Single-Target","","3","3","3","Baseline","All","","","","","10","Action","","None","Spell_Target","Target","DealDamage(2d6+StrengthModifier,Physical);RegainHitPoints(20% MaxHP)","","2d6+StrengthModifier,Physical","","Not Started","","Healing attack - alternative to Victory Rush"
"WAR__Heroic_Leap_","Heroic Leap","Leap","burst mobility skill, which does not immune ground effects like Blink, but can be useful for avoi...","burst mobility skill, which does not immune ground effects like Blink, but can be useful for avoiding knockbacks.","Utility","","Mobility,AoE","","3","3","3","Baseline","All","","","","","","Action","","Short Rest (shares MobilityCharge)","Spell_Jump","Zone","TeleportSource();DealDamage(1d6,Bludgeoning)","","1d6,Bludgeoning","","Not Started","","Wowhead: https://www.wowhead.com/spell=6544"
"WAR__Storm_Bolt_","Storm Bolt","","useful ranged stun on a relatively low cooldown.","useful ranged stun on a relatively low cooldown.","Offensive","","Utility,Stun,Ranged","","","","","Baseline","All","","","","","","Action","","OncePerShortRest","Spell_Projectile","Projectile","DealDamage(1d6+StrengthModifier,Thunder);ApplyStatus(WAR_STUNNED,100,2)","","1d6+StrengthModifier,Thunder","","Not Started","","Wowhead: https://www.wowhead.com/spell=107570"
"WAR__Martial_Prowess_","Martial Prowess","","Increases damage of all Arms abilities by 5%","enables Overpower's buff.","Offensive","","Arms,Passive,Damage-Boost","","","","","Baseline","All","","","","","","Action","","","Passive","Target","","","","","Not Started","","Spec-wide damage boost"
"WAR__Die_by_the_Sword_","Die by the Sword","DbtS","Arms primary defensive cooldown.","Arms primary defensive cooldown.","Defensive","","Arms,Defensive,Cooldown","","3","","","Baseline","All","","","","","","Action","","3 minutes (OncePerCombat)","Spell_Shout","Shout","ApplyStatus(SELF,WAR_DIE_BY_SWORD,100,4)","","None","","Not Started","","Wowhead: https://www.wowhead.com/spell=118038"
"WAR__Improved_Execute_","Improved Execute","","Execute deals additional 2d6 damage","enables Arms Execute.","Offensive","","Passive,Execute-Build,Damage-Boost","","","","","Baseline","All","","","","Execute","","Action","","","Passive","Target","","","","","Not Started","","Modifies Execute - add to modified_by column"
"WAR__Frenzied_Enrage_","Frenzied Enrage","","While Enraged, you deal 10% more damage","greatly increases the speed of Fury gameplay.","Passive","","Fury,Enrage,Damage-Boost","","","","","Baseline","All","","","","","","None","","","Passive","N/A","","","","","Not Started","","Conditional damage boost while Enraged"
"WAR__Powerful_Enrage_","Powerful Enrage","","large damage increase without increasing the speed of Fury gameplay.","large damage increase without increasing the speed of Fury gameplay.","Passive","","Fury,Enrage,Critical","","","","","Baseline","All","","","","","","None","","","Passive","N/A","","","","","Not Started","","Conditional crit boost while Enraged"
"WAR__Enraged_Regeneration_","Enraged Regeneration","ER","Fury's primary defensive cooldown.","Fury's primary defensive cooldown.","Defensive","","Fury,Defensive,Healing","","","3","","Baseline","All","","","","","","Action","","OncePerShortRest","Spell_Shout","Shout","ApplyStatus(SELF,WAR_ENRAGED_REGEN,100,5)","","None","","Not Started","","Wowhead: https://www.wowhead.com/spell=184364"
"WAR__Brace_For_Impact_","Brace For Impact","BFI","Stacking buff that grants 10% Shield Slam damage and 5% Block Value per stack. Extremely easy to ...","Stacking buff that grants 10% Shield Slam damage and 5% Block Value per stack. Extremely easy to maintain 2-3 stacks, which provides incredible value for a single point. Absolutely mandatory talent.","Passive","","Protection,Defensive,Mitigation","","","","3","Baseline","All","","","","","","None","","","Passive","N/A","","","","","Not Started","","Enhances Shield Block mitigation"
"WAR__Armor_Specialization_","Armor Specialization","","Basic Armor increase, has synergy with other talents to increase Strength.","Basic Armor increase, has synergy with other talents to increase Strength.","Passive","","Protection,Passive,Defensive","","","","","Baseline","All","","","","","","None","","","Passive","N/A","","","","","Not Started","","Simple AC boost"
"WAR__Fight_Through_the_Flames_","Fight Through the Flames","FTTF","Newly added in The War Within, reduces magic dmg taken while in Defensive Stance, not overly usef...","Newly added in The War Within, reduces magic dmg taken while in Defensive Stance, not overly useful for most situations. Niche application in Mythic Plus, more useful in Raid.","Defensive","","Protection,Defensive,Resistance","","","","3","Baseline","All","","","","","","Action","","","Passive","Target","","","","","Not Started","","Damage type resistance"
"WAR__Devastator_","Devastator","","Excellent rotation-smoothing talent, must-have talent. DO NOT TRY TO SKIP THIS.","Excellent rotation-smoothing talent, must-have talent. DO NOT TRY TO SKIP THIS.","Offensive","","Protection,Proc,Shield-Slam-Enhancement","","","","","Baseline","All","","","","Devastate","","Action","","","Passive","Target","","","","","Not Started","","Proc-based Shield Slam reset"
"WAR__Intimidating_Shout_","Intimidating Shout","","easily broken AoE fear which can be used as a pseudo interrupt.","easily broken AoE fear which can be used as a pseudo interrupt.","Offensive","","Utility,AoE,CC,Fear","","","","","Baseline","All","","","","","","Action","","OncePerShortRest","Spell_Shout","Shout","ApplyStatus(NEARBY_ENEMIES,FRIGHTENED,100,8)","","None","","Not Started","","AoE fear effect"
"WAR__Second_Wind_","Second Wind","","very rarely ignores environmental damage, but is usually broken by most effects.","very rarely ignores environmental damage, but is usually broken by most effects.","Offensive","","Defensive,Healing,Self-Heal","","","","","Baseline","All","","","","","","Action","","OncePerShortRest","Spell_Shout","Shout","RegainHitPoints(30% MaxHP)","","None","","Not Started","","Emergency self-heal"
"WAR__Frothing_Berserker_","Frothing Berserker","","Taking damage while Enraged generates 2 Rage","inconsistent passive rage refund.","Passive","","Fury,Enrage,Rage-Generation","","","","","Baseline","All","","","","","","None","","","Passive","N/A","","","","","Not Started","","Rage generation on damage taken"
"WAR__Bounding_Stride_","Bounding Stride","","Using Charge, Heroic Leap, or Intervene increases movement speed","allows more leaping.","Utility","","Utility,Mobility,Passive","","","","","Baseline","All","","","","","","Action","","","Passive","Target","","","","","Not Started","","Passive that triggers on mobility ability use"
"WAR__Pain_and_Gain_","Pain and Gain","","passive self-healing.","passive self-healing.","Passive","","Passive,Healing,Lifesteal","","","","","Baseline","All","","","","","","None","","","Passive","N/A","","","","","Not Started","","Passive self-healing - heal based on damage dealt."
"WAR__Thunder_Clap_","Thunder Clap","TC","a core part of Mountain Thane, but otherwise unused.","a core part of Mountain Thane, but otherwise unused.","Offensive","","AoE,Slow","","4","4","4","Baseline","All","","","","","20","Action","","","Spell_Zone","Zone","DealDamage(1d8+StrengthModifier,Thunder);ApplyStatus(WAR_SLOWED,100,3)","","1d8+StrengthModifier,Thunder","","Not Started","","Wowhead: https://www.wowhead.com/spell=6343"
"WAR__Improved_Overpower_","Improved Overpower","","insignificant damage increase.","insignificant damage increase.","Passive","","Passive,-Enhancement,Damage-Boost","","","","","Baseline","All","","","","","","None","","","Passive","N/A","","","","","Not Started","","Enhances  with bonus damage"
"WAR__Bloodsurge_","Bloodsurge","","provides minor rage generation against a single target, but ramps greatly against multiple.","provides minor rage generation against a single target, but ramps greatly against multiple.","Offensive","","Fury,Proc,Rage-Generation","","","","","Baseline","All","","","","","","Action","","","Passive","Target","","","","","Not Started","","Rage generation proc"
"WAR__Fueled_by_Violence_","Fueled by Violence","","minor amount of passive healing which ramps against multiple targets.","minor amount of passive healing which ramps against multiple targets.","Passive","","Passive,Healing,AoE-Scaling","","","","5","Baseline","All","","","","","","None","","","Passive","N/A","","","","","Not Started","","Minor passive healing that ramps against multiple targets."
"WAR__Storm_Wall_","Storm Wall","","heals on any parry, not just when Die by the Sword is active.","heals on any parry, not just when Die by the Sword is active.","Defensive","","Arms,Defensive,Raid-Utility","","","","","Baseline","All","Die by the Sword","Die by the Sword","","","","Action","","","Passive","Target","","","","","Not Started","","Extends Die by the Sword with AoE benefit"
"WAR__Sudden_Death_","Sudden Death","SD","enables proc-based gameplay, now stacking up to two times.","enables proc-based gameplay, now stacking up to two times.","Offensive","","Execute-Build,Proc,Fury","","4","4","6","Baseline","All","","","","","","Action","","","Passive","Target","","","","","Not Started","","Proc that enables Execute outside execute phase"
"WAR__Fervor_of_Battle_","Fervor of Battle","FoB","single target damage enhancement, which also allows the abilities to stack Collateral Damage. The...","single target damage enhancement, which also allows the abilities to stack Collateral Damage. The auto-cast Slam does not cost rage.","Passive","","Arms,AoE-Enhancement,Cleave","","4","","","Baseline","All","","","","Slam,Whirlwind","","Action","","","Passive","Target","","","","","Not Started","","Allows Slam/Whirlwind to stack Collateral Damage. Enables single-target abilities to hit multiple targets."
"WAR__Improved_Bloodthirst_","Improved Bloodthirst","","very small but worthwhile damage increase.","very small but worthwhile damage increase.","Passive","","Passive,-Enhancement,Damage-Boost","","","","","Baseline","All","","","","","","None","","","Passive","N/A","","","","","Not Started","","Enhances  with bonus damage"
"WAR__Fresh_Meat_","Fresh Meat","","useful leveling talent, but not very useful anywhere else.","useful leveling talent, but not very useful anywhere else.","Offensive","","Fury,Proc,Bloodthirst-Enhancement","","","","","Baseline","All","","","","","","Action","","","Passive","Target","","","","","Not Started","","Enhances Bloodthirst crits"
"WAR__Warpaint_","Warpaint","","strong passive damage reduction.","strong passive damage reduction.","Passive","","Passive,Defensive,Mitigation","","","","","Baseline","All","","","","","","None","","","Passive","N/A","","","","","Not Started","","Passive damage mitigation"
"WAR__Invigorating_Fury_","Invigorating Fury","","situationally useful in PvP, but otherwise much worse than Warpaint.","situationally useful in PvP, but otherwise much worse than Warpaint.","Passive","","Fury,Healing,Enrage","","","","","Baseline","All","","","","","","Action","","","Passive","Target","","","","","Not Started","","Heal when Enrage expires. PvP-focused talent, less useful in PvE."
"WAR__Cruelty_","Cruelty","","notable damage increase, though only while Enraged.","notable damage increase, though only while Enraged.","Passive","","Passive,Enrage,Conditional-Boost","","","","","Baseline","All","","","","","","None","","","Passive","N/A","","","","","Not Started","","Conditional bonus while Enraged status active"
"WAR__Disrupting_Shout_","Disrupting Shout","","Reduces the cooldown of Challenging Shout to 90s and converts it into an AoE taunt/interrupt. Coo...","Reduces the cooldown of Challenging Shout to 90s and converts it into an AoE taunt/interrupt. Cool concept, decent in Mythic+, and useful on some raid bosses!","Offensive","","Utility,AoE,Taunt,Cooldown-Reduction","","","","","Baseline","All","","","","","","Action","","90 seconds","Spell_Shout","Shout","ApplyStatus(NEARBY_ENEMIES,TAUNTED,100,6)","","","","Not Started","","Converts Challenging Shout to AoE taunt with reduced cooldown (90s vs 240s)"
"WAR__Best_Served_Cold_","Best Served Cold","BSC","Increases","Increases","Passive","","Protection,Revenge-Enhancement","","","","4","Baseline","All","Revenge","","","","","None","","","Passive","N/A","","","","","Not Started","","Increases Revenge effectiveness. Tank passive."
"WAR__Strategist_","Strategist","","Critical rotational functionality. Absolutely mandatory talent. Not just for pathing reasons.","Critical rotational functionality. Absolutely mandatory talent. Not just for pathing reasons.","Passive","","Arms,Proc,Overpower-Build,Critical","","","","","Baseline","All","","","","","","Action","","","Passive","Target","","","","","Not Started","","Critical rotational talent - MANDATORY. 30% chance to reset Overpower charges."
"WAR_Grant_Extra_Attack","Grant Extra Attack","","","","Passive","","Unknown,Extra-Attack","","","","","Baseline","All","","","","","","Action","","","Passive","Target","","","","","Not Started","","NEEDS RESEARCH - No description available. Likely grants additional attack proc."
"WAR__Hamstring_","Hamstring","","minor snare.","minor snare.","Offensive","","Utility,Slow","","","","","Baseline","Protection","","","","","","Action","","","Spell_Target","Target","ApplyStatus(WAR_HAMSTRUNG,100,3)","","None","","Not Started","","Wowhead: https://www.wowhead.com/spell=1715"
"WAR__Battle_Shout_","Battle Shout","Shout","worth ~5% damage for melee classes and Hunters.","worth ~5% damage for melee classes and Hunters.","Offensive","","Buff,Raid-Utility","","5","7","11","Baseline","All","","","","","","Action","","OncePerShortRest","Spell_Shout","Shout","ApplyStatus(SELF,WAR_BATTLE_SHOUT,100,600)","","None","","Not Started","","Wowhead: https://www.wowhead.com/spell=6673"
"WAR__Heroic_Throw_","Heroic Throw","HT","Weak single-target damage skill. Useful for tagging enemies from range, thats it.","Weak single-target damage skill. Useful for tagging enemies from range, thats it.","Offensive","","Utility,Ranged","","11","11","5","Baseline","Fury","","","","","","Action","","","Spell_Projectile","Projectile","DealDamage(1d4+StrengthModifier,Physical)","","1d4+StrengthModifier,Physical","","Not Started","","Wowhead: https://www.wowhead.com/spell=57755"
"WAR__Victory_Rush_","Victory Rush","VR","very useful free heal after getting a kill.","very useful free heal after getting a kill.","Defensive","","Defensive,Healing,Reactive","","9","5","9","Baseline","Protection","","","","","","Action","","None (requires kill trigger)","Spell_Target","Target","RegainHitPoints(20% MaxHP)","HasStatus('WAR_VICTORIOUS',context.Source)","None","","Not Started","","Wowhead: https://www.wowhead.com/spell=34428"
"WAR__Cacophonous_Roar_","Cacophonous Roar","","still broken far too easily in group content, only moderately viable in PvP.","still broken far too easily in group content, only moderately viable in PvP.","Offensive","","Utility,AoE,CC,Fear","","","","","Baseline","All","","","","","","Action","","OncePerShortRest","Spell_Shout","Shout","ApplyStatus(NEARBY_ENEMIES,INCAPACITATED,100,4)","","","","Not Started","","AoE incapacitate, easily broken. Moderately viable in PvP."
"WAR__Menace_","Menace","","still easily broken in PvE, though moderately more useful due to the knockback.","still easily broken in PvE, though moderately more useful due to the knockback.","Offensive","","Utility,CC,Fear,Knockback","","","","","Baseline","All","","","","","","Action","","OncePerShortRest","Spell_Target","Target","ApplyStatus(FRIGHTENED,100,6);Force(Knockback,6m)","","","","Not Started","","Single-target fear with knockback. More useful than Cacophonous Roar due to knockback."
"WAR__Spell_Reflection_","Spell Reflection","SR","very useful, low cooldown damage reduction.","very useful, low cooldown damage reduction.","Offensive","","Defensive,Magic-Defense","","5","5","5","Baseline","All","","","","","","Action","","OncePerShortRest","Spell_Shout","Shout","ApplyStatus(SELF,WAR_SPELL_REFLECT,100,3)","","None","","Not Started","","Wowhead: https://www.wowhead.com/spell=23920"
"WAR__Rallying_Cry_","Rallying Cry","Rally","one of the few raid-wide defensive abilities.","one of the few raid-wide defensive abilities.","Defensive","","Defensive,Raid-Utility,Temporary-HP","","5","5","5","Baseline","All","","","","","","Action","","3 minutes (OncePerCombat)","Spell_Shout","Shout","ApplyStatus(SELF,WAR_RALLYING_CRY,100,10)","","None","","Not Started","","Wowhead: https://www.wowhead.com/spell=97462"
"WAR__Shockwave_","Shockwave","","on demand AoE stun.","on demand AoE stun.","Offensive","","AoE,Stun,CC","","","","","Baseline","All","","","","","20","Action","","OncePerShortRest","Spell_Zone","Zone","DealDamage(1d6+StrengthModifier,Force);ApplyStatus(WAR_STUNNED,100,2)","","1d6+StrengthModifier,Force","","Not Started","","Wowhead: https://www.wowhead.com/spell=46968"
"WAR__Barbaric_Training_","Barbaric Training","","only useful for Mountain Thane in multitarget.","only useful for Mountain Thane in multitarget.","Passive","","Fury,AoE,Mountain-Thane","","","","","Baseline","All","","","","","","Action","","","Passive","Target","","","","","Not Started","","Only useful for Mountain Thane in multitarget. Spec-specific passive."
"WAR__Tactician_","Tactician","","calculates the total rage spent on an ability and converts it into a chance to reset the cooldown...","calculates the total rage spent on an ability and converts it into a chance to reset the cooldown on Overpower.","Offensive","","Arms,Proc,Overpower-Build","","","","","Baseline","All","","Deft Experience","","","","Action","","","Passive","Target","","","","","Not Started","","Proc passive - requires charge resource for Overpower"
"WAR__Colossus_Smash_","Colossus Smash","CS","Arms' primary offensive cooldown, which also inflicts Deep Wounds.","Arms' primary offensive cooldown, which also inflicts Deep Wounds.","Offensive","","Arms,Debuff,Burst","","5","","","Baseline","All","","","","","","Action","","45 seconds (OncePerShortRest)","Spell_Target","Target","DealDamage(2d10+StrengthModifier,Physical);ApplyStatus(WAR_COLOSSUS_SMASH,100,5)","","2d10+StrengthModifier,Physical","","Not Started","","Wowhead: https://www.wowhead.com/spell=167105"
"WAR__Impale_","Impale","","increases the extra critical hit damage inflicted by crits, meaning it's closer to a 5% damage bo...","increases the extra critical hit damage inflicted by crits, meaning it's closer to a 5% damage bonus than 10%.","Passive","","Passive,Critical,Damage-Boost","","","","","Baseline","All","","","","","","None","","","Passive","N/A","","","","","Not Started","","Increases critical strike damage"
"WAR__Focus_in_Chaos_","Focus in Chaos","","removes the 19% dual wield miss penalty from auto-attacks, although they can still be parried.","removes the 19% dual wield miss penalty from auto-attacks, although they can still be parried.","Passive","","Fury,Dual-Wield,Hit-Chance","","","","","Baseline","All","","","","","","Action","","","Passive","Target","","","","","Not Started","","Removes 19% dual-wield miss penalty from auto-attacks (though they can still be dodged/parried)."
"WAR__Rampage_","Rampage","Ramp","the core of Fury's rotation, converting rage into damage and Enrage.","the core of Fury's rotation, converting rage into damage and Enrage.","Offensive","","Fury,Burst,Enrage","","","5","","Baseline","All","","","","","80","Action","","","Spell_Target","Target","DealDamage(1d6+StrengthModifier,Slashing);DealDamage(1d6+StrengthModifier,Slashing);DealDamage(1d6+StrengthModifier,Slashing);DealDamage(1d6+StrengthModifier,Slashing);ApplyStatus(WAR_ENRAGED,100,4)","","4*(1d6+StrengthModifier),Slashing","","Not Started","","Wowhead: https://www.wowhead.com/spell=184367"
"WAR__Improved_Raging_Blow_","Improved Raging Blow","","critical talent which enables Raging Blow resets.","critical talent which enables Raging Blow resets.","Passive","","Fury,Raging-Blow-Enhancement,Reset-Mechanic","","","","","Baseline","All","","","","Raging Blow","","Action","","","Passive","Target","","","","","Not Started","","Critical talent - enables Raging Blow resets. 20% chance per cast."
"WAR__Last_Stand_","Last Stand","LS","Basic defensive cooldown, grants bonus health for 15 seconds. Good reactive cooldown. Mandatory t...","Basic defensive cooldown, grants bonus health for 15 seconds. Good reactive cooldown. Mandatory talent.","Passive","","Protection,Defensive,Cooldown","","","","5","Baseline","All","","","","","","None","","3 minutes (OncePerCombat)","Spell_Shout","Shout","ApplyStatus(SELF,WAR_LAST_STAND,100,10)","","None","","Not Started","","Wowhead: https://www.wowhead.com/spell=12975"
"WAR__Instigate_","Instigate","","Basically auto-attack rage generation by 2 and performs very well.","Basically auto-attack rage generation by 2 and performs very well.","Passive","","Protection,Rage-Generation,Auto-Attack","","","","","Baseline","All","","","","","","Action","","","Passive","Target","","","","","Not Started","","Increases auto-attack rage generation by 2. Performs very well for tanks."
"WAR__Rend_","Rend","","Excellent DPS increase applied passively by","Excellent DPS increase applied passively by","Passive","","Passive,DoT,Bleed","","","","","Baseline","All","","","","","","None","","","Passive","N/A","","","","","Not Started","","Applies damage over time effect"
"WAR__Brutal_Vitality_","Brutal Vitality","BrV","This grants ~8% Leech whenever Ignore Pain is active. It's a decent boost to self-sustain, especi...","This grants ~8% Leech whenever Ignore Pain is active. It's a decent boost to self-sustain, especially since the dmg from","Passive","","Passive,Healing,Leech","","","","5","Baseline","All","","","","","","None","","","Passive","N/A","","","","","Not Started","","Leech - percentage of damage heals you"
"WAR__Honed_Reflexes_","Honed Reflexes","","Reduces most defensive cooldowns by a very minor amount.","Reduces most defensive cooldowns by a very minor amount.","Passive","","Defensive,Cooldown-Reduction","","","","","Baseline","All","","","","","","Action","","","Passive","Target","","","","","Not Started","","Reduces defensive cooldowns by minor amount. General survivability passive."
"WAR__Crushing_Force_","Crushing Force","","major damage increase for Slam.","major damage increase for Slam.","Passive","","Passive,Enhancement,Major-Boost","","","","","Baseline","All","","","","","","None","","","Passive","N/A","","","","","Not Started","","Major enhancement passive - research specific mechanics needed"
"WAR__Bitter_Immunity_","Bitter Immunity","","highly situational due to its long cooldown.","highly situational due to its long cooldown.","Passive","","Defensive,CC-Immunity,Situational","","","","","Baseline","All","","","","","","Action","","","Passive","Target","","","","","Not Started","","Highly situational due to long cooldown. Grants immunity to specific effects."
"WAR__Overwhelming_Rage_","Overwhelming Rage","","eases the burdens of rage management.","eases the burdens of rage management.","Passive","","Fury,Rage-Generation","","","","","Baseline","All","","","","","","Action","","","Passive","Target","","","","","Not Started","","Increases maximum Rage by 15-20 and eases rage management burdens."
"WAR__Rumbling_Earth_","Rumbling Earth","","greatly increases the usefulness of Shockwave when using it regularly against groups.","greatly increases the usefulness of Shockwave when using it regularly against groups.","Passive","","Passive,Enhancement,Major-Boost","","","","","Baseline","All","","","","","","None","","","Passive","N/A","","","","","Not Started","","Major enhancement passive - research specific mechanics needed"
"WAR__Reinforced_Plates_","Reinforced Plates","","synergizes with Armored to the Teeth to provide additional damage.","synergizes with Armored to the Teeth to provide additional damage.","Passive","","Passive,Armor,Damage-Synergy","","","","","Baseline","All","Armored to the Teeth","","","","","Action","","","Passive","Target","","","","","Not Started","","Synergizes with Armored to the Teeth. Provides armor and damage boost."
"WAR__Skullsplitter_","Skullsplitter","SkS","condenses bleed damage into short cooldown windows and generates a moderate amount of rage.","condenses bleed damage into short cooldown windows and generates a moderate amount of rage.","Offensive","","Arms,Rage-Generation,Single-Target","","6","","","Baseline","All","","","","","","Action","","None","Spell_Target","Target","DealDamage(2d8+StrengthModifier,Physical);RestoreResource(Rage,15,0)","","2d8+StrengthModifier,Physical","","Not Started","","Rage generator for Arms"
"WAR__Finishing_Blows_","Finishing Blows","","increases rage generation during the Execute phase to fuel its higher costs.","increases rage generation during the Execute phase to fuel its higher costs.","Passive","","Passive,Rage-Generation","","","","","Baseline","All","","","","","","None","","","Passive","N/A","","","","","Not Started","","Increases Rage generation under specific conditions"
"WAR__Anger_Management_","Anger Management","AM","an indispensable talent, creating more frequent increased damage windows.","an indispensable talent, creating more frequent increased damage windows.","Passive","","Passive,Cooldown-Reduction,Critical","","6","9","8","Baseline","All","","","","","","None","","","Passive","N/A","","","","","Not Started","","Indispensable talent - reduces cooldowns, creates more frequent damage windows."
"WAR__Spiteful_Serenity_","Spiteful Serenity","","a very underwhelming talent with its own negative bonus in addition to strong competition in Ange...","a very underwhelming talent with its own negative bonus in addition to strong competition in Anger Management.","Passive","","Fury,Enrage,Underwhelming","","","","","Baseline","All","","","","","","Action","","","Passive","Target","","","","","Not Started","","Very underwhelming talent with negative bonus. Strong competition from other talents."
"WAR__Exhilarating_Blows_","Exhilarating Blows","","allows more casts of Mortal Strike and Cleave.","allows more casts of Mortal Strike and Cleave.","Passive","","Arms,Rage-Reduction,Cost-Reduction","","","","","Baseline","All","","","","Mortal Strike,Cleave","","Action","","","Passive","Target","","","","","Not Started","","Reduces Mortal Strike and Cleave rage costs. Allows more frequent casts."
"WAR__Collateral_Damage_","Collateral Damage","","gains a stack for each single target attack cleaved by Sweeping Strikes, which includes the free ...","gains a stack for each single target attack cleaved by Sweeping Strikes, which includes the free Slam cast by Fervor of Battle, creating great synergy between them.","Passive","","Arms,AoE,Cleave,Stacking-Buff","","","","","Baseline","All","Sweeping Strikes","","","","","Action","","","Passive","Target","","","","","Not Started","","Gains stacks for each single-target attack cleaved by Sweeping Strikes. Increases next AoE damage."
"WAR__Cleave_","Cleave","","Arms' primary multitarget attack, which also inflicts Deep Wounds.","Arms' primary multitarget attack, which also inflicts Deep Wounds.","Offensive","","Arms,AoE,Bleed","","","","","Baseline","All","","","","","20","Action","","","Spell_Zone","Zone","DealDamage(2d6+StrengthModifier,Slashing);ApplyStatus(WAR_DEEP_WOUNDS,100,3)","","2d6+StrengthModifier,Slashing","","Not Started","","Wowhead: https://www.wowhead.com/spell=845"
"WAR__Single","Single","","Minded Fury- increase the effectiveness of dual wielding one-handed weapons, but not by enough t...","Minded Fury- increase the effectiveness of dual wielding one-handed weapons, but not by enough to make them competitive with two-handed weapons.","Passive","","Fury,Dual-Wield,Weapon-Specialization","","","","","Baseline","All","","","","","","None","","","Passive","N/A","","","","","Not Started","","Single-Minded Fury - increases effectiveness of dual-wielding one-handed weapons."
"WAR__Cold_Steel_Hot_Blood_","Cold Steel, Hot Blood","CSHB","inflicts a powerful bleed, which can be applied to multiple targets via Whirlwind.","inflicts a powerful bleed, which can be applied to multiple targets via Whirlwind.","Passive","","Arms,DoT,Bleed,Whirlwind-Enhancement","","","6","","Baseline","All","","","","","","Action","","","Passive","Target","","","","","Not Started","","Inflicts powerful bleed on critical hits. Can be applied to multiple targets via Whirlwind Meat Cleaver."
"WAR__Vicious_Contempt_","Vicious Contempt","VC","promotes Bloodthirst playstyles by greatly increasing its damage during the execute phase.","promotes Bloodthirst playstyles by greatly increasing its damage during the execute phase.","Passive","","Fury,Execute-Build,Bloodthirst-Enhancement","","","6","","Baseline","All","","","","Bloodthirst","","Action","","","Passive","Target","","","","","Not Started","","Greatly increases Bloodthirst damage during execute phase (<35% HP). Promotes Bloodthirst playstyles."
"WAR__Frenzy_","Frenzy","","semi-passive haste buff, with the downside of easily falling off when regularly switching targets.","semi-passive haste buff, with the downside of easily falling off when regularly switching targets.","Passive","","Passive,Haste,Attack-Speed","","","","","Baseline","All","","","","","","None","","","Passive","N/A","","","","","Not Started","","Haste passive - BG3 equivalent could be bonus action or extra attack"
"WAR__Hack_and_Slash_","Hack and Slash","HnS/H&S","very important reset mechanic for Raging Blow builds.","very important reset mechanic for Raging Blow builds.","Passive","","Fury,Proc,Raging-Blow-Build","","","6","","Baseline","All","","","","","","Action","","","Passive","Target","","","","","Not Started","","Very important reset mechanic for Raging Blow builds. Auto-attacks have 10% chance to reset."
"WAR__Slaughtering_Strikes_","Slaughtering Strikes","","provides a significant damage boost for Rampage and greatly emphasizes Raging Blow's role in the ...","provides a significant damage boost for Rampage and greatly emphasizes Raging Blow's role in the rotation.","Passive","","Fury,Damage-Boost,Rampage-Enhancement","","","","","Baseline","All","","","","Rampage","","Action","","","Passive","Target","","","","","Not Started","","Significant damage boost for Rampage. Greatly emphasizes Raging Blow usage."
"WAR__Ashen_Juggernaut_","Ashen Juggernaut","","provides a significant damage boost when using Execute regularly.","provides a significant damage boost when using Execute regularly.","Passive","","Execute-Build,Fury,Damage-Boost","","","","","Baseline","All","Execute","","","","","Action","","","Passive","Target","","","","","Not Started","","Significant damage boost when using Execute regularly. Stacks up during execute phase."
"WAR__Improved_Whirlwind_","Improved Whirlwind","","enables Fury's ability to cleave single target attacks onto other targets, forming the basis of i...","enables Fury's ability to cleave single target attacks onto other targets, forming the basis of its multitarget rotation.","Passive","","Fury,AoE,Cleave-Mechanic","","","","","Baseline","All","","","","Whirlwind","","Action","","","Passive","Target","","","","","Not Started","","Enables Fury's cleave mechanics. Core Fury talent - single-target attacks hit additional targets after Whirlwind."
"WAR__Unnerving_Focus_","Unnerving Focus","","Increases Rage Generation while Last Stand is active. Has rarely seen play.","Increases Rage Generation while Last Stand is active. Has rarely seen play.","Passive","","Passive,Rage-Generation","","","","","Baseline","All","","","","","","None","","","Passive","N/A","","","","","Not Started","","Increases Rage generation under specific conditions"
"WAR_Bolster","Bolster","","Reduces the cooldown of  Last Stand to 2 minutes and grants  Shield Block. Can find a niche appli...","Reduces the cooldown of  Last Stand to 2 minutes and grants  Shield Block. Can find a niche application if the lower cooldown is beneficial.","Passive","","Passive,Cooldown-Reduction","","","","","Baseline","All","","","","","","None","","","Passive","N/A","","","","","Not Started","","Reduces cooldowns - BG3 implementation may need custom functor"
"WAR__Thunderlord_","Thunderlord","TL","Good cooldown reduction for demoralizing Shout that synergizes with other talents in the tree. Go...","Good cooldown reduction for demoralizing Shout that synergizes with other talents in the tree. Good talent in AoE, very mediocre in single target.","Passive","","Protection,Cooldown-Reduction,Defensive","","","","6","Baseline","All","","","","Demoralizing Shout","","Action","","","Passive","Target","","","","","Not Started","","Good cooldown reduction for Demoralizing Shout. Synergizes with other talents."
"WAR_Sudden_Death","Sudden Death","SD","Excellent single-target damage proc, adds up to quite a bit of damage throughout a raid fight.","Excellent single-target damage proc, adds up to quite a bit of damage throughout a raid fight.","Offensive","","Execute-Build,Proc,Fury","","4","4","6","Baseline","All","","","","","","Action","","","Passive","Target","","","","","Not Started","","Proc that enables Execute outside execute phase"
"WAR_Heavy_Repercussions","Heavy Repercussions","HR","Increases Rage Generation of  Shield Slam by 2, which is also multiplied by  Violent Outburst. Bu...","Increases Rage Generation of  Shield Slam by 2, which is also multiplied by  Violent Outburst. But more importantly, it increases  Shield Block duration by 1 second every time you press  Shield Slam, resulting in pretty much infinite  Shield Block uptime. Mandatory pick for low haste levels early in an expansion.","Passive","","Passive,Rage-Generation","","","","6","Baseline","All","","","","","","None","","","Passive","N/A","","","","","Not Started","","Increases Rage generation under specific conditions"
"WAR_Punish","Punish","","Increases  Shield Slam damage and causes the hit enemy to deal less damage to you.","Increases  Shield Slam damage and causes the hit enemy to deal less damage to you.","Passive","","Protection,Shield-Slam-Enhancement,Mitigation","","","","","Baseline","All","","","","Shield Slam","","None","","","Passive","N/A","","","","","Not Started","","Increases Shield Slam damage. Hit enemy deals less damage to you."
"WAR_Hunker_Down","Hunker Down","","Increases  Spell Reflection magic damage reduction and grants you 2% passive AoE damage reduction.","Increases  Spell Reflection magic damage reduction and grants you 2% passive AoE damage reduction.","Passive","","Passive,Defensive,Mitigation","","","","","Baseline","All","","","","","","None","","","Passive","N/A","","","","","Not Started","","Passive damage mitigation"
"WAR__Vanguard_","Vanguard","","Simple defensive aura, reduces your damage taken, increases your Stamina and Armor.","Simple defensive aura, reduces your damage taken, increases your Stamina and Armor.","Passive","","Passive,Defensive,Mitigation","","","","","Baseline","All","","","","","","None","","","Passive","N/A","","","","","Not Started","","Passive damage mitigation"
"WAR__Wrecking_Throw_","Wrecking Throw","","highly effective against absorption shields, though rarely a major gain.","highly effective against absorption shields, though rarely a major gain.","Defensive","","Utility,Shield-Break,Single-Target","","","","","Baseline","All","","","","","","Action","","45 seconds","Spell_Projectile","Projectile","RemoveStatus(TARGET,ABSORPTION_SHIELDS);DealDamage(1d6,Physical)","","","","Not Started","","Highly effective against absorption shields. Rarely major gain in PvE."
"WAR__Shattering_Throw_","Shattering Throw","","immunity breaking version of Wrecking Throw, rarely used in PvE.","immunity breaking version of Wrecking Throw, rarely used in PvE.","Offensive","","Utility,Immunity-Break,Single-Target","","","","","Baseline","All","","","","","","Action","","3 minutes","Spell_Projectile","Projectile","RemoveStatus(TARGET,IMMUNITY);DealDamage(1d8,Physical)","","","","Not Started","","Immunity-breaking throw. Rarely used in PvE, more common in PvP."
"WAR__Sidearm_","Sidearm","","minor passive damage increase.","minor passive damage increase.","Passive","","Passive,Rage-Generation,Throw","","","","","Baseline","All","","","","","","None","","","Passive","N/A","","","","","Not Started","","Minor passive damage increase. Increases throwing weapon effectiveness."
"WAR__Double_Time_","Double Time","","a must-have mobility increase.","a must-have mobility increase.","Passive","","Utility,Mobility,Charge-Enhancement","","","","","Baseline","All","","","","Charge","","None","","","Passive","N/A","","","","","Not Started","","Must-have mobility increase. Grants 2 charges of Charge instead of 1."
"WAR__Seismic_Reverberation_","Seismic Reverberation","","very minor with Whirlwind, but highly effective for Mountain Thane.","very minor with Whirlwind, but highly effective for Mountain Thane.","Passive","","Fury,AoE,Mountain-Thane,Whirlwind-Enhancement","","","","","Baseline","All","Whirlwind","","","","","Action","","","Passive","Target","","","","","Not Started","","Very minor with base Whirlwind, but highly effective for Mountain Thane builds."
"WAR__Concussive_Blows_","Concussive Blows","","rather underwhelming due to only affecting the target which is interrupted, rather than increasin...","rather underwhelming due to only affecting the target which is interrupted, rather than increasing all damage dealt, though the reduced cooldown can be nice.","Passive","","Utility,Interrupt,Stun","","","","","Baseline","All","Pummel","","","","","Action","","","Passive","Target","","","","","Not Started","","Underwhelming - only affects interrupted target, not AoE. 3s stun after successful interrupt."
"WAR__Berserker_Shout_","Berserker Shout","","seldom used group-wide fear breaker.","seldom used group-wide fear breaker.","Offensive","","Utility,AoE,CC-Break,Fear-Removal","","","","","Baseline","All","","","","","","Action","","60 seconds","Spell_Shout","Shout","RemoveStatus(SELF_AND_ALLIES,FRIGHTENED)","","","","Not Started","","Group-wide fear breaker. Seldom used outside PvP."
"WAR__Piercing_Howl_","Piercing Howl","","major AoE snare, offset by its cooldown.","major AoE snare, offset by its cooldown.","Offensive","","Utility,AoE,CC,Snare","","","","","Baseline","All","","","","","","Action","","30 seconds","Spell_Shout","Shout","ApplyStatus(NEARBY_ENEMIES,SLOWED,100,6)","","","","Not Started","","Major AoE snare/slow. 30s cooldown. Good for kiting or controlling adds."
"WAR__Bloodborne_","Bloodborne","","general bleed damage increase, which synergizes well with other bleed talents found throughout th...","general bleed damage increase, which synergizes well with other bleed talents found throughout the tree.","Passive","","Passive,DoT,Bleed","","","","","Baseline","All","","","","","","None","","","Passive","N/A","","","","","Not Started","","Applies damage over time effect"
"WAR__Dreadnaught_","Dreadnaught","DN","a multitarget option for Overpower.","a multitarget option for Overpower.","Passive","","Arms,AoE,Overpower-Enhancement","","7","","","Baseline","All","","","","Overpower","","Action","","","Passive","Target","","","","","Not Started","","Multitarget option for Overpower. Allows hitting 2 targets instead of 1."
"WAR__Strength_of_Arms_","Strength of Arms","SoA","a single/two target power increase for Overpower.","a single/two target power increase for Overpower.","Passive","","Arms,Overpower-Enhancement,Damage-Boost","","7","","","Baseline","All","","","","Overpower","","None","","","Passive","N/A","","","","","Not Started","","Single/two target power increase for Overpower."
"WAR__In_For_The_Kill_","In For The Kill","IftK","has the same duration of Colossus Smash, with good benefit against both single and multiple targets.","has the same duration of Colossus Smash, with good benefit against both single and multiple targets.","Passive","","Arms,Colossus-Build,Haste-Buff","","7","","","Baseline","All","Colossus Smash","","","","","Action","","","Passive","Target","","","","","Not Started","","Same duration as Colossus Smash. Good benefit against single and multitarget."
"WAR__Test_of_Might_","Test of Might","ToM","stacks up a powerful strength buff, effectively extending the increased damage window created by ...","stacks up a powerful strength buff, effectively extending the increased damage window created by Colossus Smash.","Passive","","Arms,Colossus-Build,Damage-Boost","","7","","","Baseline","All","Colossus Smash","","","","","None","","","Passive","N/A","","","","","Not Started","","Modifies Colossus Smash to buff caster"
"WAR__Blunt_Instruments_","Blunt Instruments","","a single target alternative to Warbreaker, which also extends the duration of In for the Kill and...","a single target alternative to Warbreaker, which also extends the duration of In for the Kill and Test of Might.","Passive","","Arms,Colossus-Build,Duration-Extension","","","","","Baseline","All","Warbreaker,In For The Kill","","","","","Action","","","Passive","Target","","","","","Not Started","","Single-target alternative to Warbreaker. Extends In For The Kill duration."
"WAR__Warbreaker_","Warbreaker","WB","turns Colossus Smash into a multitarget attack, extremely important for effective AoE damage.","turns Colossus Smash into a multitarget attack, extremely important for effective AoE damage.","Offensive","","Arms,AoE,Cooldown,Debuff","","7","","","Baseline","All","Colossus Smash","","","","","Action","","45 seconds","Spell_Zone","Zone","DealDamage(3d10+StrengthModifier,Physical);ApplyStatus(WAR_COLOSSUS_SMASH,100,10)","","3d10+StrengthModifier,Physical","","Not Started","","Requires Colossus Smash talent"
"WAR__Massacre_","Massacre","","Execute becomes usable on targets below 35% HP instead of 20%","allows more frequent use of Execute.","Offensive","","Arms,Execute-Build,Execute-Extension","","","","","Baseline","All","","","","","","Action","","","Passive","Target","","","","","Not Started","","Extends Execute window"
"WAR__Storm_of_Swords_","Storm of Swords","","largely unnecessary, resulting in overcapping.","largely unnecessary, resulting in overcapping.","Passive","","Arms,Overpower-Build,Rage-Generation","","","","","Baseline","All","","","","Overpower","","Action","","","Passive","Target","","","","","Not Started","","Largely unnecessary, results in rage overcapping. Generates rage on Overpower."
"WAR__Bloodcraze_","Bloodcraze","","creates strong synergy between Raging Blow and Bloodthirst, though it resets after any critical s...","creates strong synergy between Raging Blow and Bloodthirst, though it resets after any critical strike from Bloodthirst.","Offensive","","Fury,Proc,Rage-Generation","","","","","Baseline","All","","","","Bloodthirst","","Action","","","Passive","Target","","","","","Not Started","","Enhances Bloodthirst rage generation"
"WAR__Recklessness_","Recklessness","Reck","Fury's primary offensive cooldown, greatly increasing rage generation and the frequency of Rampag...","Fury's primary offensive cooldown, greatly increasing rage generation and the frequency of Rampage casts.","Offensive","","Fury,Cooldown,Burst","","","7","","Baseline","All","","","","","","Action","","90 seconds (OncePerCombat)","Spell_Shout","Shout","ApplyStatus(SELF,WAR_RECKLESSNESS,100,6)","","None","","Not Started","","Wowhead: https://www.wowhead.com/spell=1719"
"WAR__Wrath_and_Fury_","Wrath and Fury","","a moderate damage and reset chance increase for Raging Blow.","a moderate damage and reset chance increase for Raging Blow.","Passive","","Fury,Raging-Blow-Enhancement,Reset-Mechanic","","","","","Baseline","All","","","","Raging Blow","","None","","","Passive","N/A","","","","","Not Started","","Moderate damage and reset chance increase for Raging Blow."
"WAR__Meat_Cleaver_","Meat Cleaver","","reduces the amount of Whirlwind casts needed to maintain multitarget cleave.","reduces the amount of Whirlwind casts needed to maintain multitarget cleave.","Offensive","","Fury,AoE,Cleave","","","","","Baseline","All","","","","","","Action","","","Passive","Target","","","","","Not Started","","Enables cleave after Whirlwind"
"WAR__Tough_as_Nails_","Tough as Nails","TaN","Passive damage output whenever you block an attack, recently buffed, however, still not a popular...","Passive damage output whenever you block an attack, recently buffed, however, still not a popular or strong choice.","Passive","","Protection,Block,Damage-On-Block","","","","7","Baseline","All","Shield Block","","","","","None","","","Passive","N/A","","","","","Not Started","","Passive damage whenever you block. Recently buffed, still underwhelming."
"WAR__Shield_Wall_","Shield Wall","SW","Iconic, mandatory defensive cooldown. The ultimate tank defensive cooldown. Take it.","Iconic, mandatory defensive cooldown. The ultimate tank defensive cooldown. Take it.","Defensive","","Protection,Defensive,Cooldown","","","","7","Baseline","All","","","","","","Action","","5 minutes (OncePerCombat)","Spell_Shout","Shout","ApplyStatus(SELF,WAR_SHIELD_WALL,100,8)","","None","","Not Started","","Wowhead: https://www.wowhead.com/spell=871"
"WAR__Enduring_Defenses_","Enduring Defenses","ED","Incredible defensive bonus, simply grants 33% more Shield Block uptime. Massive increase to Prote...","Incredible defensive bonus, simply grants 33% more Shield Block uptime. Massive increase to Protection Warriors ability to survive damage in any situation.","Passive","","Protection,Block,Duration-Extension,Critical","","","","7","Baseline","All","Shield Block","","","","","None","","","Passive","N/A","","","","","Not Started","","Incredible defensive bonus - grants 33% more Shield Block uptime. Massive survivability boost."
"WAR_Unyielding_Stance","Unyielding Stance","","Simple increase of  Defensive Stance damage reduction. Required for pathing.","Simple increase of  Defensive Stance damage reduction. Required for pathing.","Passive","","Passive,Defensive,Mitigation","","","","","Baseline","All","","","","","","None","","","Passive","N/A","","","","","Not Started","","Passive damage mitigation"
"WAR_Red_Right_Hand","Red Right Hand","","Simple increase of  Execute damage. Great in combination with other Execute talents.","Simple increase of  Execute damage. Great in combination with other Execute talents.","Passive","","Arms,Execute-Enhancement,Damage-Boost","","","","","Baseline","All","","","","Execute","","None","","","Passive","N/A","","","","","Not Started","","Simple Execute damage increase. Great in combination with other Execute talents."
"WAR__Cruel_Strikes_","Cruel Strikes","","a minor increase to Execute, smaller than it may seem.","a minor increase to Execute, smaller than it may seem.","Passive","","Fury,Execute-Enhancement,Critical","","","","","Baseline","All","","","","Execute","","None","","","Passive","N/A","","","","","Not Started","","Minor Execute crit increase. Smaller than it may seem."
"WAR__Wild_Strikes_","Wild Strikes","","deceptively powerful due to the already high frequency of auto-attacks.","deceptively powerful due to the already high frequency of auto-attacks.","Offensive","","Fury,Proc,Raging-Blow-Enhancement","","","","","Baseline","All","","","","","","Action","","","Passive","Target","","","","","Not Started","","Extra attack proc for Raging Blow"
"WAR__Dual_Wield_Specialization_","Dual Wield Specialization","","a must-have passive damage increase.","a must-have passive damage increase.","Passive","","Fury,Dual-Wield,Damage-Boost,Critical","","","","","Baseline","All","","","","","","None","","","Passive","N/A","","","","","Not Started","","Must-have passive damage increase for dual-wielding."
"WAR__Armored_to_the_Teeth_","Armored to the Teeth","","near indispensable damage increase that helps gear scaling over the course of an expansion.","near indispensable damage increase that helps gear scaling over the course of an expansion.","Passive","","Passive,Armor,Damage-Scaling,Critical","","","","","Baseline","All","","","","","","None","","","Passive","N/A","","","","","Not Started","","Near indispensable damage increase. Helps gear scaling over expansion."
"WAR__Deft_Experience_","Deft Experience","","a minor Mastery increase, with the much more important effect of doubling the chance to trigger T...","a minor Mastery increase, with the much more important effect of doubling the chance to trigger Tactician.","Passive","","Arms,Passive,Proc","","","","","Baseline","All","Tactician","","","","","None","","","Passive","N/A","","","","","Not Started","","Enhances Tactician - bidirectional dependency"
"WAR__Valor_in_Victory_","Valor in Victory","","a minor Versatility increase, which also reduces the cooldown of Die by the Sword.","a minor Versatility increase, which also reduces the cooldown of Die by the Sword.","Passive","","Passive,Cooldown-Reduction","","","","","Baseline","All","","","","","","None","","","Passive","N/A","","","","","Not Started","","Reduces cooldowns - BG3 implementation may need custom functor"
"WAR__Critical_Thinking_","Critical Thinking","","a minor Critical Strike increase, with a very impactful rage refund for Execute, which is also ad...","a minor Critical Strike increase, with a very impactful rage refund for Execute, which is also additive with Improved Execute for a combined 30% refund.","Passive","","Passive,Execute-Build,Critical","","","","","Baseline","All","","","","Execute","","None","","","Passive","N/A","","","","","Not Started","","Modifies Execute crit chance"
"WAR__Raging_Armaments_","Raging Armaments","","minor mastery buff, with a very important Enrage extension, which helps keep Bloodthirst active i...","minor mastery buff, with a very important Enrage extension, which helps keep Bloodthirst active in the rotation.","Passive","","Passive,Enrage,Conditional-Boost","","","","","Baseline","All","","","","","","None","","","Passive","N/A","","","","","Not Started","","Conditional bonus while Enraged status active"
"WAR__Swift_Strikes_","Swift Strikes","","a minor haste buff, with a small rage generation increase which adds up significantly over the co...","a minor haste buff, with a small rage generation increase which adds up significantly over the course of a dungeon or encounter.","Passive","","Passive,Rage-Generation","","","","","Baseline","All","","","","","","None","","","Passive","N/A","","","","","Not Started","","Increases Rage generation under specific conditions"
"WAR_Defender_s_Aegis","Defender's Aegis","DA","Grants a 2nd charge of  Shield Wall and significantly reduces the base cooldown.","Grants a 2nd charge of  Shield Wall and significantly reduces the base cooldown.","Passive","","Passive,Cooldown-Reduction","","","","8","Baseline","All","","","","","","None","","","Passive","N/A","","","","","Not Started","","Reduces cooldowns - BG3 implementation may need custom functor"
"WAR_Impenetrable_Wall","Impenetrable Wall","Imp Wall","Reduces the cooldown of  Shield Wall whenever you cast  Shield Slam.","Reduces the cooldown of  Shield Wall whenever you cast  Shield Slam.","Defensive","","Protection,Defensive,CC-Immunity","","","","8","Baseline","All","Shield Wall","","","","","Action","","","Passive","Target","","","","","Not Started","","Enhances Shield Wall with CC immunity"
"WAR__Focused_Vigor_","Focused Vigor","FV","Amazing Talent, offers huge amounts of damage output and Armor for just 1 Talent point, not manda...","Amazing Talent, offers huge amounts of damage output and Armor for just 1 Talent point, not mandatory for pathing but heavily encouraged to pick up!","Offensive","","Protection,Defensive,Healing","","","","8","Baseline","All","","","","","","Action","","","Passive","Target","","","","","Not Started","","Conditional healing boost during Avatar"
"WAR__Shield_Specialization_","Shield Specialization","","Outstanding defensive bonus. Greatly reduces damage taken from blockable hits and is crucial for ...","Outstanding defensive bonus. Greatly reduces damage taken from blockable hits and is crucial for pathing to the Talents that enable the ""Rage Feedback Machine"" further.","Defensive","","Protection,Passive,Block","","","","","Baseline","All","","","","","","Action","","","Passive","Target","","","","","Not Started","","Simple block chance boost"
"WAR__Enduring_Alacrity_","Enduring Alacrity","EA","A significant increase in Health and 2% Haste gain makes this talent one of the most attractive t...","A significant increase in Health and 2% Haste gain makes this talent one of the most attractive talents on our talent tree.","Passive","","Passive,Haste,Attack-Speed","","","","8","Baseline","All","","","","","","None","","","Passive","N/A","","","","","Not Started","","Haste passive - BG3 equivalent could be bonus action or extra attack"
"WAR__Thunderous_Roar_","Thunderous Roar","Roar","stronger than it may seem, due to its bleed damage being uncapped, allowing it to fully damage an...","stronger than it may seem, due to its bleed damage being uncapped, allowing it to fully damage any number of extra targets.","Offensive","","Arms,AoE,Bleed,Cooldown","","9","9","9","Baseline","All","","","","","","Action","","90 seconds (OncePerCombat)","Spell_Zone","Zone","DealDamage(2d8+StrengthModifier,Thunder);ApplyStatus(WAR_THUNDEROUS_BLEED,100,5)","","2d8+StrengthModifier,Thunder","","Not Started","","Wowhead: https://www.wowhead.com/spell=384318"
"WAR__Avatar_","Avatar","Ava","one of the main personal cooldowns that should always be taken.","one of the main personal cooldowns that should always be taken.","Offensive","","Cooldown,Burst,Offensive","","9","9","9","Baseline","All","","","","","","Action","","3 minutes (OncePerCombat)","Spell_Shout","Shout","ApplyStatus(SELF,WAR_AVATAR,100,10)","","None","","Not Started","","Wowhead: https://www.wowhead.com/spell=107574"
"WAR__Champion_s_Spear_","Champion's Spear","Spear","aligns well with other 90s cooldowns, though not generally as useful as Thunderous Roar.","aligns well with other 90s cooldowns, though not generally as useful as Thunderous Roar.","Offensive","","Offensive,Major-Cooldown,AoE,90s-Cooldown","","9","9","9","Baseline","All","","","","","","Action","","90 seconds","Spell_Projectile","Projectile","DealDamage(4d10+StrengthModifier,Physical);ApplyStatus(WAR_CHAMPION_SPEAR_BUFF,100,6)","","","","Not Started","","Aligns with other 90s cooldowns. Not as useful as Thunderous Roar generally."
"WAR__Battlelord_","Battlelord","","creates an entertaining gameplay loop of Mortal Strike refreshing Overpower via Tactician and Ove...","creates an entertaining gameplay loop of Mortal Strike refreshing Overpower via Tactician and Overpower refreshing Mortal Strike via Battlelord.","Passive","","Arms,Overpower-Build,Reset-Mechanic","","","","","Baseline","All","Overpower,Mortal Strike","","","","","Action","","","Passive","Target","","","","","Not Started","","Entertaining gameplay loop - Mortal Strike refreshes Overpower via Tactician procs."
"WAR__Bloodletting_","Bloodletting","","a very important bleed damage increase, which reduces the amount of maintenance required to maint...","a very important bleed damage increase, which reduces the amount of maintenance required to maintain the debuffs and synergizes very well with Skullsplitter and Thunderous Roar/Words.","Passive","","Passive,DoT,Bleed","","","","","Baseline","All","","","","","","None","","","Passive","N/A","","","","","Not Started","","Applies damage over time effect"
"WAR__Bladestorm_","Bladestorm","BS","Arms major multitarget cooldown, with several very powerful follow-on talents.","Arms major multitarget cooldown, with several very powerful follow-on talents.","Offensive","","Arms,AoE,Cooldown,Immunity","","9","9","","Baseline","All","","","","","","Action","","90 seconds (OncePerCombat)","Spell_Zone","Zone","DealDamage(1d6+StrengthModifier,Slashing);ApplyStatus(SELF,WAR_BLADESTORMING,100,4)","","8*(1d6+StrengthModifier),Slashing","","Not Started","","Wowhead: https://www.wowhead.com/spell=227847"
"WAR__Ravager_","Ravager","Rav","a passive alternative to Bladestorm, more suited for use against individual targets.","a passive alternative to Bladestorm, more suited for use against individual targets.","Offensive","","Arms,Major-Cooldown,AoE,Alternative","","9","9","","Baseline","All","","","","","","None","","90 seconds","Spell_Zone","Zone","SummonObject(WAR_RAVAGER,10,6)","","","","Not Started","","Passive alternative to Bladestorm. More suited for single targets or Colossus builds."
"WAR__Sharpened_Blades_","Sharpened Blades","","a moderate damage increase for Arms' most important rotational abilities.","a moderate damage increase for Arms' most important rotational abilities.","Passive","","Arms,Damage-Boost,Core-Abilities","","","","","Baseline","All","","","","Mortal Strike,Execute","","None","","","Passive","N/A","","","","","Not Started","","Moderate damage increase for Arms' most important rotational abilities."
"WAR__Juggernaut_","Juggernaut","","provides a large ramping damage increase, though not well suited for short encounters and suscept...","provides a large ramping damage increase, though not well suited for short encounters and susceptible to dropping during downtime.","Passive","","Arms,Execute-Build,Stacking-Buff","","","","","Baseline","All","Execute","","","","","None","","","Passive","N/A","","","","","Not Started","","Large ramping damage increase. Not suited for short encounters."
"WAR__Onslaught_","Onslaught","Ons","a moderately strong standalone attack, which helps fill extra GCDs in the rotation.","a moderately strong standalone attack, which helps fill extra GCDs in the rotation.","Offensive","","Fury,Offensive","","","9","","Baseline","All","","","","","30","Action","","","Spell_Target","Target","DealDamage(2d8+StrengthModifier,Physical)","","2d8+StrengthModifier,Physical","","Not Started","","Wowhead: https://www.wowhead.com/spell=315720"
"WAR__Reckless_Abandon_","Reckless Abandon","RA","causes Bloodthirst and Raging Blow to be replaced by stronger versions - Bloodbath and Crushing B...","causes Bloodthirst and Raging Blow to be replaced by stronger versions - Bloodbath and Crushing Blow, creating a powerful gameplay loop.","Passive","","Fury,Recklessness-Build,Ability-Replacement","","","9","","Baseline","All","Recklessness","","","","","Action","","","Passive","Target","","","","","Not Started","","Bloodthirst and Raging Blow replaced by stronger versions (Bloodbath/Crushing Blow) during Recklessness."
"WAR__Odyn_s_Fury_","Odyn's Fury","OF","a very powerful burst damage attack with a short lingering bleed.","a very powerful burst damage attack with a short lingering bleed.","Offensive","","Fury,AoE,Burst,Cooldown","","","9","","Baseline","All","","","","","","Action","","45 seconds (OncePerShortRest)","Spell_Zone","Zone","DealDamage(3d10+StrengthModifier,Physical);ApplyStatus(WAR_ODYNS_BLEED,100,3)","","3d10+StrengthModifier,Physical","","Not Started","","Wowhead: https://www.wowhead.com/spell=385059"
"WAR__Booming_Voice_","Booming Voice","BV","Turns Demoralizing Shout into a good offensive cooldown and Rage generation tool. Grants 30 rage ...","Turns Demoralizing Shout into a good offensive cooldown and Rage generation tool. Grants 30 rage and synergizes very nicely with","Passive","","Passive,Rage-Generation","","","","9","Baseline","All","","","","","","None","","","Passive","N/A","","","","","Not Started","","Increases Rage generation under specific conditions"
"WAR__Indomitable_","Indomitable","Indom","Extremely valuable defensive talent. Substantially increases tankiness and grants a steady trickl...","Extremely valuable defensive talent. Substantially increases tankiness and grants a steady trickle of self-healing. Mandatory if you want to call yourself a tank.","Passive","","Defensive,Tankiness,Critical","","","","9","Baseline","All","","","","","","None","","","Passive","N/A","","","","","Not Started","","Extremely valuable defensive talent. Substantially increases tankiness and grants ignore pain charges."
"WAR__Violent_Outburst_","Violent Outburst","Outburst or VO","Excellent Rage generation increase, one of the vital pillarstones to the ""Rage Feedback Machine"" ...","Excellent Rage generation increase, one of the vital pillarstones to the ""Rage Feedback Machine"" to deal huge amounts of damage and be an absolute brick house of a tank.","Passive","","Passive,Rage-Generation","","","","9","Baseline","All","","","","","","None","","","Passive","N/A","","","","","Not Started","","Increases Rage generation under specific conditions"
"WAR_Heavy_Handed","Heavy Handed","","Allows  Execute to strike 2 additional targets for a reduced amount. Great for raiding and overal...","Allows  Execute to strike 2 additional targets for a reduced amount. Great for raiding and overall damage output!","Passive","","Arms,Execute-Build,AoE","","","","","Baseline","All","","","","Execute","","Action","","","Passive","Target","","","","","Not Started","","Execute strikes 2 additional targets for reduced damage. Great for refreshing Sudden Death."
"WAR__Uproar_","Uproar","","keeps Thunderous Roar aligned with Avatar and other cooldowns, provides a noticeable overall dama...","keeps Thunderous Roar aligned with Avatar and other cooldowns, provides a noticeable overall damage increase, especially in multitarget.","Passive","","Fury,Cooldown-Reduction,Alignment","","","","","Baseline","All","Thunderous Roar","","","","","None","","","Passive","N/A","","","","","Not Started","","Keeps Thunderous Roar aligned with Avatar and other cooldowns. Noticeable damage increase."
"WAR__Thunderous_Words_","Thunderous Words","","increases the damage of all bleeds only while Thunderous Roar is active, creating powerful burst ...","increases the damage of all bleeds only while Thunderous Roar is active, creating powerful burst windows that synergize well with Odyn's Fury.","Passive","","Passive,DoT,Bleed","","","","","Baseline","All","","","","","","None","","","Passive","N/A","","","","","Not Started","","Applies damage over time effect"
"WAR__Berserker_s_Torment_","Berserker's Torment","","highly effective and extends the duration of their normal counterparts.","highly effective and extends the duration of their normal counterparts.","Passive","","Fury,Recklessness-Build,Duration-Extension","","","","","Baseline","All","Reckless Abandon","","","","","Action","","","Passive","Target","","","","","Not Started","","Highly effective. Extends duration of Bloodbath/Crushing Blow beyond normal counterparts."
"WAR__Titan_s_Torment_","Titan's Torment","","very strong AoE damage increase, which synergizes with other additional effects from Odyn's Fury.","very strong AoE damage increase, which synergizes with other additional effects from Odyn's Fury.","Passive","","Fury,Avatar-Build,AoE-Damage","","","","","Baseline","All","Avatar","","","","","None","","","Passive","N/A","","","","","Not Started","","Very strong AoE damage increase. Synergizes with other Avatar effects on Odyn's Fury."
"WAR__Piercing_Challenge_","Piercing Challenge","","a minor overall damage increase, though the extra rage generation is largely irrelevant.","a minor overall damage increase, though the extra rage generation is largely irrelevant.","Passive","","Passive,Rage-Generation","","","","","Baseline","All","","","","","","None","","","Passive","N/A","","","","","Not Started","","Increases Rage generation under specific conditions"
"WAR__Champion_s_Might_","Champion's Might","","a short but powerful damage window, which now activates on the target instead of requiring the pl...","a short but powerful damage window, which now activates on the target instead of requiring the player to stand within a specific location.","Passive","","Offensive,Champion-Spear-Enhancement,Damage-Window","","","","","Baseline","All","Champion's Spear","","","","","Action","","","Passive","Target","","","","","Not Started","","Short but powerful damage window. Activates on target instead of self now."
"WAR__Fatality_","Fatality","","provides increased damage during Execute, while keeping the abilities used before Execute relevan...","provides increased damage during Execute, while keeping the abilities used before Execute relevant. It cannot critically strike and does not benefit from class buffs such as Colossus Smash or Avatar, but it can be buffed by primary stat increases like Test of Might or potions.","Passive","","Fury,Execute-Build,Damage-Boost","","","","","Baseline","All","Execute","","","","","None","","","Passive","N/A","","","","","Not Started","","Increased damage during Execute phase. Keeps pre-execute abilities relevant."
"WAR__Dance_of_Death_","Dance of Death","","provides a significant damage increase for Bladestorm and can be chained from pack to pack, but t...","provides a significant damage increase for Bladestorm and can be chained from pack to pack, but the timing does not work cleanly with all of Bladestorm's other follow-on talents.","Passive","","Arms,AoE,Cooldown-Enhancement","","","","","Baseline","All","Bladestorm","","","","","None","","","Passive","N/A","","","","","Not Started","","Major Bladestorm enhancement"
"WAR__Unhinged_","Unhinged","","a significant single/two target damage increase while using Bladestorm or Ravager, highly effecti...","a significant single/two target damage increase while using Bladestorm or Ravager, highly effective in combination with other effects that synergize with Mortal Strike.","Passive","","Arms,Bladestorm-Enhancement,Damage-Boost","","","","","Baseline","All","Bladestorm,Ravager","","","","","None","","","Passive","N/A","","","","","Not Started","","Significant single/two target damage increase while using Bladestorm or Ravager."
"WAR__Merciless_Bonegrinder_","Merciless Bonegrinder","","a major damage increase for Cleave or Whirlwind, creating strong AoE damage windows.","a major damage increase for Cleave or Whirlwind, creating strong AoE damage windows.","Passive","","Protection,AoE,Damage-Boost","","","","","Baseline","All","Ravager","","","","","None","","","Passive","N/A","","","","","Not Started","","Enhances Ravager AoE"
"WAR__Executioner_s_Precision_","Executioner's Precision","EP","provides great value to Mortal Strike, keeping the ability relevant during Execute.","provides great value to Mortal Strike, keeping the ability relevant during Execute.","Passive","","Arms,Execute-Build,Mortal-Strike-Enhancement","","10","","","Baseline","All","","","","Mortal Strike","","Action","","","Passive","Target","","","","","Not Started","","Great value to Mortal Strike, keeps it relevant during Execute phase."
"WAR__Tenderize_","Tenderize","","greatly increases the value of Onslaught, both in jumpstarting the rotation and increasing the da...","greatly increases the value of Onslaught, both in jumpstarting the rotation and increasing the damage of Rampage.","Passive","","Passive,Enhancement,Major-Boost","","","","","Baseline","All","","","","","","None","","","Passive","N/A","","","","","Not Started","","Major enhancement passive - research specific mechanics needed"
"WAR__Storm_of_Steel_","Storm of Steel","","gives Ravager a second charge, which is fairly important in most content.","gives Ravager a second charge, which is fairly important in most content.","Utility","","Arms,Ravager-Enhancement,Extra-Charge","","","","","Baseline","All","Ravager","","","","","Action","","","Passive","Target","","","","","Not Started","","Gives Ravager second charge. Fairly important in most content."
"WAR__Unbridled_Ferocity_","Unbridled Ferocity","","randomly triggers Recklessness, though its low proc chance leaves it generally uncompetitive.","randomly triggers Recklessness, though its low proc chance leaves it generally uncompetitive.","Passive","","Fury,Recklessness-Build,Proc","","","","","Baseline","All","Recklessness","","","","","Action","","","Passive","Target","","","","","Not Started","","Randomly triggers Recklessness. Low proc chance leaves it generally underwhelming."
"WAR__Depths_of_Insanity_","Depths of Insanity","","generally uncompetitive, due to its small impact on overall uptime.","generally uncompetitive, due to its small impact on overall uptime.","Passive","","Fury,Enrage,Duration-Extension","","","","","Baseline","All","","","","","","Action","","","Passive","Target","","","","","Not Started","","Generally uncompetitive due to small impact on overall uptime. Extends Enrage duration."
"WAR__Dancing_Blades_","Dancing Blades","","triggers a large auto-attack buff, which provides a bonus to Odyn's Fury's single target value.","triggers a large auto-attack buff, which provides a bonus to Odyn's Fury's single target value.","Passive","","Fury,Odyn-Build,Auto-Attack-Buff","","","","","Baseline","All","Odyn's Fury","","","","","Action","","","Passive","Target","","","","","Not Started","","Triggers large auto-attack buff. Provides bonus to Odyn's Fury single-target damage."
"WAR__Titanic_Rage_","Titanic Rage","","a minor damage buff, but jumpstarts the AoE rotation by auto-applying important buffs, with even ...","a minor damage buff, but jumpstarts the AoE rotation by auto-applying important buffs, with even greater synergy in combination with Titan's","Passive","","Fury,Avatar-Build,AoE-Rotation","","","","","Baseline","All","Avatar","","","","","Action","","","Passive","Target","","","","","Not Started","","Minor damage buff. Jumpstarts AoE rotation by auto-applying important statuses."
"WAR__Shield_Charge_","Shield Charge","SC","Decent offensive cooldown and Rage generation tool. It is not great on its own, but it is good wi...","Decent offensive cooldown and Rage generation tool. It is not great on its own, but it is good with the talent synergy below. Grants 20 rage. It deals slightly more single-target damage than Ravager, but less AoE damage.","Passive","","Passive,Rage-Generation","","","","10","Baseline","All","","","","","","None","","","Passive","N/A","","","","","Not Started","","Increases Rage generation under specific conditions"
"WAR__Battle_Scarred_Veteran_","Battle-Scarred Veteran","BSV","Reactive defensive cooldown that provides a ton of damage reduction and increased healing taken. ...","Reactive defensive cooldown that provides a ton of damage reduction and increased healing taken. The 3-minute cooldown is long. After FINALLY being fixed in 10.2.7, this Talent is properly useful for new players and may have niche applications in high keys as a planned defensive. Great tool to recover from a mistake or generally when in trouble.","Passive","","Passive,Healing,Lifesteal","","","","10","Baseline","All","","","","","","None","","","Passive","N/A","","","","","Not Started","","Lifesteal passive - heal based on damage dealt"
"WAR_Whirling_Blade","Whirling Blade","","This talent randomly sends out more frequent and shorter versions of  Ravager.","This talent randomly sends out more frequent and shorter versions of  Ravager.","Passive","","Protection,Ravager-Enhancement,Proc","","","","","Baseline","All","Ravager","","","","","Action","","","Passive","Target","","","","","Not Started","","Randomly sends out more frequent and shorter versions of Ravager."
"WAR_Lightning_Strikes","Lightning Strikes","","","","Passive","","Mountain-Thane,Hero-Talent,Lightning-Proc","","","","","Hero Talent","Protection,Fury","","","","","","None","","","Passive","N/A","","","","","Not Started","","Mountain Thane passive - Lightning strikes proc on abilities."
"WAR_Demolish","Demolish","","","","Offensive","","Colossus,Hero-Talent,Major-Cooldown,Stun","","","","","Hero Talent","Arms,Protection","","","","","25","None","","45 seconds","Spell_Target","Target","DealDamage(5d12+StrengthModifier,Physical);ApplyStatus(STUNNED,100,2)","","","","Not Started","","Colossus active ability - Massive damage with stun."
"WAR_Slayer_s_Dominance","Slayers Dominance","","","","Passive","","Slayer,Hero-Talent,Keystone","","","","","Hero Talent","Arms,Fury","","","","","","None","","","Passive","N/A","","","","","Not Started","","Slayer keystone passive - Grants core Slayer mechanics."
"WAR_Crashing_Thunder","Crashing Thunder","","","","Passive","","Mountain-Thane,Hero-Talent,Thunder-Clap-Enhancement","","","","","Hero Talent","Protection,Fury","Thunder Clap","","","","","None","","","Passive","N/A","","","","","Not Started","","Enhances Thunder Clap with additional effects."
"WAR_Ground_Current","Ground Current","","","","Passive","","Mountain-Thane,Hero-Talent,Lightning","","","","","Baseline","All","","","","","","Action","","","Passive","Target","","","","","Not Started","","Mountain Thane passive - NEEDS WOWHEAD RESEARCH for specific mechanics."
"WAR_Strength_of_the_Mountain","Strength of the Mountain","","","","Passive","","Mountain-Thane,Hero-Talent,Stat-Boost","","","","","Baseline","All","","","","","","Action","","","Passive","Target","","","","","Not Started","","Mountain Thane passive - Likely strength boost or damage increase."
"WAR_Martial_Expert","Martial Expert","","","","Passive","","Colossus,Hero-Talent,Mastery-Boost","","","","","Hero Talent","Arms,Protection","","","","","","None","","","Passive","N/A","","","","","Not Started","","Colossus passive - Likely mastery or expertise increase."
"WAR_Colossal_Might","Colossal Might","","","","Passive","","Colossus,Hero-Talent,Demolish-Enhancement","","","","","Baseline","All","","","","","","Action","","","Passive","Target","","","","","Not Started","","Colossus passive - Likely enhances Demolish ability damage or effects."
"WAR_Earthquake","Earthquake","","","","Offensive","","Mountain-Thane,Hero-Talent,AoE,Ground-Effect","","","","","Baseline","All","","","","","","Action","","","Spell_Zone","Zone","","","","","Not Started","","Mountain Thane active ability - Ground-targeted AoE earthquake effect."
"WAR_Imminent_Demise","Imminent Demise","","","","Passive","","Slayer,Hero-Talent,Execute-Build","","","","","Hero Talent","Arms,Fury","Execute","","","","","None","","","Passive","N/A","","","","","Not Started","","Slayer passive - Execute-focused enhancement."
"WAR_Thunder_Blast","Thunder Blast","","","","Offensive","","Mountain-Thane,Hero-Talent,Lightning,AoE","","","","","Hero Talent","Protection,Fury","","","","","","None","","","Spell_Zone","Zone","","","","","Not Started","","Mountain Thane active ability - Lightning blast AoE."
"WAR_Storm_Bolts","Storm Bolts","","","","Offensive","","Mountain-Thane,Hero-Talent,Lightning,Projectile","","","","","Baseline","All","","","","","","Action","","","Spell_Projectile","Projectile","","","","","Not Started","","Mountain Thane ability - Lightning bolt projectile attacks."
"WAR_Keep_your_feet_on_the_Ground","Keep your feet on the Ground","","","","Passive","","Mountain-Thane,Hero-Talent,CC","","","","","Baseline","All","","","","","","Action","","","Passive","Target","","","","","Not Started","","Mountain Thane passive - Likely knockdown or root mechanic."
"WAR_Arterial_Bleed","Arterial Bleed","","","","Passive","","Slayer,Hero-Talent,Bleed,DoT","","","","","Hero Talent","Arms,Protection","","","","","","None","","","Passive","N/A","","","","","Not Started","","Slayer passive - Applies or enhances bleed effects."
"WAR_Tide_of_Battle","Tide of Battle","","","","Passive","","Mountain-Thane,Hero-Talent","","","","","Baseline","All","","","","","","Action","","","Passive","Target","","","","","Not Started","","Mountain Thane passive - NEEDS RESEARCH for specific mechanics."
"WAR_No_Stranger_to_Pain","No Stranger to Pain","","","","Passive","","Mountain-Thane,Hero-Talent,Defensive","","","","","Baseline","All","","","","","","Action","","","Passive","Target","","","","","Not Started","","Mountain Thane passive - Likely damage reduction or pain suppression."
"WAR_Death_Drive","Death Drive","","","","Passive","","Slayer,Hero-Talent,Execute-Phase","","","","","Hero Talent","Arms,Fury","","","","","","None","","","Passive","N/A","","","","","Not Started","","Slayer passive - Bonuses during execute/death phase."
"WAR_Flashing_Skies","Flashing Skies","","","","Passive","","Mountain-Thane,Hero-Talent,Lightning","","","","","Hero Talent","Protection,Fury","","","","","","None","","","Passive","N/A","","","","","Not Started","","Mountain Thane passive - Increases lightning effects frequency/damage."
"WAR_Thorim_s_Might","Thorims Might","","","","Passive","","Mountain-Thane,Hero-Talent,Power-Boost","","","","","Baseline","All","","","","","","Action","","","Passive","Target","","","","","Not Started","","Mountain Thane passive - Thorim's power, likely damage or strength boost."
"WAR_Burst_of_Power","Burst of Power","","","","Passive","","Mountain-Thane,Hero-Talent,Burst-Damage","","","","","Baseline","All","","","","","","Action","","","Passive","Target","","","","","Not Started","","Mountain Thane passive - Burst damage window or cooldown enhancement."
"WAR_Practiced_Strikes","Practiced Strikes","","","","Passive","","Slayer,Hero-Talent,Attack-Speed","","","","","Hero Talent","Arms,Protection","","","","","","None","","","Passive","N/A","","","","","Not Started","","Slayer passive - Increases attack frequency or reduces GCD."
"WAR_Precise_Might","Precise Might","","","","Passive","","Colossus,Hero-Talent,Critical","","","","","Baseline","All","","","","","","Action","","","Passive","Target","","","","","Not Started","","Colossus passive - Likely crit chance or crit damage boost."
"WAR_Mountain_of_Muscle_and_Scars","Mountain of Muscle and Scars","","","","Passive","","Mountain-Thane,Hero-Talent,Tank,HP-Boost","","","","","Baseline","All","","","","","","Action","","","Passive","Target","","","","","Not Started","","Mountain Thane passive - Likely HP increase or damage reduction for tanks."
"WAR_Show_No_Mercy","Show No Mercy","","","","Passive","","Slayer,Hero-Talent,Execute-Finisher","","","","","Hero Talent","Arms,Fury","","","","","","None","","","Passive","N/A","","","","","Not Started","","Slayer passive - Execute enhancements, no mercy mechanics."
"WAR_Avatar_of_the_Storm","Avatar of the Storm","","","","Passive","","Mountain-Thane,Hero-Talent,Avatar-Enhancement","","","","","Hero Talent","Protection,Fury","Avatar","","","","","None","","","Passive","N/A","","","","","Not Started","","Mountain Thane keystone - Enhances Avatar with storm/lightning effects."
"WAR_Dominance_of_the_Colossus","Dominance of the Colossus","","","","Passive","","Colossus,Hero-Talent,Keystone","","","","","Hero Talent","Arms,Protection","","","","","","None","","","Passive","N/A","","","","","Not Started","","Colossus keystone passive - Grants core Colossus mechanics."
"WAR_Unrelenting_Onslaught","Unrelenting Onslaught","","","","Passive","","Slayer,Hero-Talent,Aggressive-Playstyle","","","","","Hero Talent","Arms,Fury","","","","","","None","","","Passive","N/A","","","","","Not Started","","Slayer passive - Continuous assault bonuses."
